player,team,position,games,year,rank,WAR,WAR/G,Flex WAR,Flex WAR/G
Christian McCaffrey,SF,RB,16,2025,1.0,5.97,0.37,5.0,0.31
Jonathan Taylor,IND,RB,16,2025,2.0,5.52,0.35,4.34,0.27
Bijan Robinson,ATL,RB,16,2025,3.0,5.32,0.33,4.31,0.27
James Cook III,BUF,RB,16,2025,4.0,4.85,0.3,3.98,0.25
Jahmyr Gibbs,DET,RB,16,2025,5.0,4.59,0.29,3.45,0.22
De'Von Achane,MIA,RB,16,2025,6.0,4.48,0.28,3.88,0.24
Derrick Henry,BAL,RB,16,2025,7.0,4.17,0.26,3.36,0.21
Josh Allen,BUF,QB,16,2025,8.0,3.9,0.24,,
Jaxon Smith-Njigba,SEA,WR,16,2025,9.0,3.7,0.23,3.37,0.21
Puka Nacua,LAR,WR,15,2025,10.0,3.65,0.24,3.23,0.22
Kyren Williams,LAR,RB,16,2025,11.0,3.61,0.23,3.12,0.19
Travis Etienne Jr.,JAC,RB,16,2025,12.0,3.46,0.22,2.89,0.18
Josh Jacobs,GB,RB,15,2025,13.0,3.31,0.22,2.63,0.18
Javonte Williams,DAL,RB,16,2025,14.0,3.31,0.21,2.78,0.17
Drake Maye,NE,QB,16,2025,15.0,3.05,0.19,,
D'Andre Swift,CHI,RB,15,2025,16.0,2.98,0.2,2.43,0.16
Matthew Stafford,LAR,QB,16,2025,17.0,2.97,0.19,,
Chase Brown,CIN,RB,16,2025,18.0,2.96,0.18,2.3,0.14
Trey McBride,ARI,TE,16,2025,19.0,2.95,0.18,2.08,0.13
Saquon Barkley,PHI,RB,16,2025,20.0,2.87,0.18,2.3,0.14
George Pickens,DAL,WR,16,2025,21.0,2.7,0.17,2.36,0.15
Patrick Mahomes II,KC,QB,14,2025,22.0,2.64,0.19,,
Dak Prescott,DAL,QB,16,2025,23.0,2.57,0.16,,
Amon-Ra St. Brown,DET,WR,16,2025,24.0,2.55,0.16,2.13,0.13
Trevor Lawrence,JAC,QB,16,2025,25.0,2.53,0.16,,
Ashton Jeanty,LV,RB,16,2025,26.0,2.5,0.16,1.73,0.11
Jalen Hurts,PHI,QB,16,2025,27.0,2.43,0.15,,
Rico Dowdle,CAR,RB,16,2025,28.0,2.42,0.15,1.58,0.1
Ja'Marr Chase,CIN,WR,15,2025,29.0,2.28,0.15,1.95,0.13
Jaylen Warren,PIT,RB,15,2025,30.0,2.27,0.15,1.83,0.12
Breece Hall,NYJ,RB,16,2025,31.0,2.22,0.14,1.61,0.1
Caleb Williams,CHI,QB,16,2025,32.0,2.16,0.14,,
Davante Adams,LAR,WR,14,2025,33.0,2.16,0.15,1.93,0.14
RJ Harvey,DEN,RB,16,2025,34.0,2.02,0.13,1.35,0.08
Justin Herbert,LAC,QB,16,2025,35.0,2.01,0.13,,
Bo Nix,DEN,QB,16,2025,36.0,1.96,0.12,,
Chris Olave,NO,WR,16,2025,37.0,1.95,0.12,1.65,0.1
Jared Goff,DET,QB,16,2025,38.0,1.91,0.12,,
TreVeyon Henderson,NE,RB,16,2025,39.0,1.9,0.12,0.98,0.06
Quinshon Judkins,CLE,RB,14,2025,40.0,1.84,0.13,1.28,0.09
Zach Charbonnet,SEA,RB,15,2025,41.0,1.73,0.12,1.2,0.08
Kenneth Walker III,SEA,RB,16,2025,42.0,1.72,0.11,1.11,0.07
Jaxson Dart,NYG,QB,13,2025,43.0,1.72,0.13,,
Nico Collins,HOU,WR,15,2025,44.0,1.7,0.11,1.51,0.1
Brock Purdy,SF,QB,8,2025,45.0,1.69,0.21,,
Tony Pollard,TEN,RB,16,2025,46.0,1.6,0.1,1.0,0.06
Cam Skattebo,NYG,RB,8,2025,47.0,1.58,0.2,1.24,0.15
George Kittle,SF,TE,10,2025,48.0,1.53,0.15,1.0,0.1
Omarion Hampton,LAC,RB,9,2025,49.0,1.51,0.17,1.19,0.13
Jameson Williams,DET,WR,16,2025,50.0,1.5,0.09,1.13,0.07
Dallas Goedert,PHI,TE,15,2025,51.0,1.5,0.1,0.7,0.05
Kenneth Gainwell,PIT,RB,16,2025,52.0,1.5,0.09,0.66,0.04
Tee Higgins,CIN,WR,14,2025,53.0,1.46,0.1,1.19,0.08
A.J. Brown,PHI,WR,15,2025,54.0,1.45,0.1,1.06,0.07
Daniel Jones,IND,QB,13,2025,55.0,1.44,0.11,,
Drake London,ATL,WR,11,2025,56.0,1.41,0.13,1.06,0.1
J.K. Dobbins,DEN,RB,10,2025,57.0,1.34,0.13,1.12,0.11
Bucky Irving,TB,RB,9,2025,58.0,1.34,0.15,1.1,0.12
Brock Bowers,LV,TE,12,2025,59.0,1.33,0.11,0.65,0.05
Rashee Rice,KC,WR,8,2025,60.0,1.31,0.16,1.16,0.14
Jacory Croskey-Merritt,WAS,RB,16,2025,61.0,1.29,0.08,0.48,0.03
Courtland Sutton,DEN,WR,16,2025,62.0,1.29,0.08,1.05,0.07
CeeDee Lamb,DAL,WR,13,2025,63.0,1.27,0.1,1.13,0.09
David Montgomery,DET,RB,16,2025,64.0,1.27,0.08,0.58,0.04
Tucker Kraft,GB,TE,8,2025,65.0,1.26,0.16,0.8,0.1
Jacoby Brissett,ARI,QB,13,2025,66.0,1.21,0.09,,
Baker Mayfield,TB,QB,16,2025,67.0,1.19,0.07,,
Kimani Vidal,LAC,RB,12,2025,68.0,1.19,0.1,0.54,0.05
Rhamondre Stevenson,NE,RB,13,2025,69.0,1.18,0.09,0.62,0.05
Kareem Hunt,KC,RB,16,2025,70.0,1.15,0.07,0.49,0.03
Lamar Jackson,BAL,QB,12,2025,71.0,1.14,0.1,,
Kyle Monangai,CHI,RB,16,2025,72.0,1.1,0.07,0.4,0.02
Travis Kelce,KC,TE,16,2025,73.0,1.05,0.07,0.22,0.01
Woody Marks,HOU,RB,15,2025,74.0,1.04,0.07,0.41,0.03
Quentin Johnston,LAC,WR,14,2025,75.0,1.04,0.07,0.77,0.06
Christian Watson,GB,WR,10,2025,76.0,1.04,0.1,0.84,0.08
Harold Fannin Jr.,CLE,TE,16,2025,77.0,1.04,0.06,0.21,0.01
DK Metcalf,PIT,WR,15,2025,78.0,1.02,0.07,0.81,0.05
Hunter Henry,NE,TE,16,2025,79.0,1.01,0.06,0.15,0.01
Tetairoa McMillan,CAR,WR,16,2025,80.0,1.01,0.06,0.74,0.05
Jordan Love,GB,QB,15,2025,81.0,0.99,0.07,,
Emeka Egbuka,TB,WR,16,2025,82.0,0.95,0.06,0.58,0.04
Zay Flowers,BAL,WR,16,2025,83.0,0.95,0.06,0.71,0.04
Jaylen Waddle,MIA,WR,16,2025,84.0,0.93,0.06,0.67,0.04
Kyle Pitts Sr.,ATL,TE,16,2025,85.0,0.93,0.06,0.02,0.0
Tyler Warren,IND,TE,16,2025,86.0,0.92,0.06,0.11,0.01
Michael Wilson,ARI,WR,16,2025,87.0,0.87,0.05,0.47,0.03
Tyrone Tracy Jr.,NYG,RB,14,2025,88.0,0.87,0.06,0.29,0.02
Dalton Kincaid,BUF,TE,11,2025,89.0,0.85,0.08,0.27,0.02
Rome Odunze,CHI,WR,12,2025,90.0,0.84,0.07,0.57,0.05
Wan'Dale Robinson,NYG,WR,16,2025,91.0,0.83,0.05,0.49,0.03
Jauan Jennings,SF,WR,14,2025,92.0,0.79,0.06,0.58,0.04
Jordan Mason,MIN,RB,15,2025,93.0,0.77,0.05,0.1,0.01
Blake Corum,LAR,RB,16,2025,94.0,0.77,0.05,-0.05,-0.0
Jake Ferguson,DAL,TE,16,2025,95.0,0.76,0.05,-0.08,-0.01
Alec Pierce,IND,WR,14,2025,96.0,0.74,0.05,0.5,0.04
Aaron Jones Sr.,MIN,RB,12,2025,97.0,0.73,0.06,0.33,0.03
Tyler Allgeier,ATL,RB,16,2025,98.0,0.71,0.04,0.02,0.0
Sam LaPorta,DET,TE,9,2025,99.0,0.67,0.07,0.2,0.02
Stefon Diggs,NE,WR,16,2025,100.0,0.67,0.04,0.42,0.03
Deebo Samuel Sr.,WAS,WR,15,2025,101.0,0.67,0.04,0.41,0.03
Joe Burrow,CIN,QB,7,2025,102.0,0.67,0.1,,
Michael Pittman Jr.,IND,WR,16,2025,103.0,0.65,0.04,0.39,0.02
Darren Waller,MIA,TE,9,2025,104.0,0.64,0.07,0.13,0.01
Justin Fields,NYJ,QB,9,2025,105.0,0.64,0.07,,
Chuba Hubbard,CAR,RB,14,2025,106.0,0.64,0.05,0.01,0.0
Garrett Wilson,NYJ,WR,7,2025,107.0,0.63,0.09,0.5,0.07
DeVonta Smith,PHI,WR,16,2025,108.0,0.63,0.04,0.31,0.02
Sam Darnold,SEA,QB,16,2025,109.0,0.62,0.04,,
Juwan Johnson,NO,TE,16,2025,110.0,0.61,0.04,-0.22,-0.01
DJ Moore,CHI,WR,16,2025,111.0,0.6,0.04,0.21,0.01
C.J. Stroud,HOU,QB,13,2025,112.0,0.59,0.05,,
Colston Loveland,CHI,TE,15,2025,113.0,0.56,0.04,-0.29,-0.02
Jayden Daniels,WAS,QB,7,2025,114.0,0.54,0.08,,
Ladd McConkey,LAC,WR,16,2025,115.0,0.54,0.03,0.24,0.02
AJ Barner,SEA,TE,16,2025,116.0,0.51,0.03,-0.35,-0.02
Rachaad White,TB,RB,16,2025,117.0,0.49,0.03,-0.25,-0.02
Terry McLaurin,WAS,WR,9,2025,118.0,0.42,0.05,0.3,0.03
Aaron Rodgers,PIT,QB,15,2025,119.0,0.4,0.03,,
Malik Nabers,NYG,WR,4,2025,120.0,0.39,0.1,0.21,0.05
Oronde Gadsden II,LAC,TE,14,2025,121.0,0.37,0.03,-0.42,-0.03
Chris Rodriguez Jr.,WAS,RB,12,2025,122.0,0.37,0.03,-0.13,-0.01
Marvin Harrison Jr.,ARI,WR,12,2025,123.0,0.36,0.03,0.15,0.01
Jordan Addison,MIN,WR,13,2025,124.0,0.36,0.03,0.18,0.01
Zach Ertz,WAS,TE,13,2025,125.0,0.35,0.03,-0.33,-0.03
Troy Franklin,DEN,WR,16,2025,126.0,0.34,0.02,-0.04,-0.0
Kayshon Boutte,NE,WR,13,2025,127.0,0.34,0.03,0.04,0.0
Romeo Doubs,GB,WR,16,2025,128.0,0.34,0.02,-0.01,-0.0
Theo Johnson,NYG,TE,15,2025,129.0,0.33,0.02,-0.48,-0.03
Dalton Schultz,HOU,TE,16,2025,130.0,0.32,0.02,-0.52,-0.03
Bryce Young,CAR,QB,15,2025,131.0,0.32,0.02,,
Bam Knight,ARI,RB,12,2025,132.0,0.3,0.03,-0.23,-0.02
Parker Washington,JAC,WR,15,2025,133.0,0.3,0.02,-0.01,-0.0
Alvin Kamara,NO,RB,11,2025,134.0,0.29,0.03,-0.15,-0.01
Justin Jefferson,MIN,WR,16,2025,135.0,0.27,0.02,0.03,0.0
Tyler Shough,NO,QB,10,2025,136.0,0.27,0.03,,
Mike Evans,TB,WR,7,2025,137.0,0.24,0.03,0.15,0.02
Kyler Murray,ARI,QB,5,2025,138.0,0.24,0.05,,
Sean Tucker,TB,RB,16,2025,139.0,0.22,0.01,-0.83,-0.05
Brenton Strange,JAC,TE,11,2025,140.0,0.21,0.02,-0.36,-0.03
Tyreek Hill,MIA,WR,4,2025,141.0,0.21,0.05,0.17,0.04
J.J. McCarthy,MIN,QB,9,2025,142.0,0.2,0.02,,
Mark Andrews,BAL,TE,16,2025,143.0,0.18,0.01,-0.74,-0.05
Colby Parkinson,LAR,TE,14,2025,144.0,0.18,0.01,-0.62,-0.04
Brian Thomas Jr.,JAC,WR,13,2025,145.0,0.18,0.01,-0.02,-0.0
Malik Willis,GB,QB,4,2025,146.0,0.17,0.04,,
Jawhar Jordan,HOU,RB,3,2025,147.0,0.17,0.06,0.07,0.02
Michael Penix Jr.,ATL,QB,9,2025,148.0,0.16,0.02,,
Joe Flacco,CIN,QB,12,2025,149.0,0.16,0.01,,
Tyjae Spears,TEN,RB,12,2025,150.0,0.14,0.01,-0.47,-0.04
James Conner,ARI,RB,4,2025,151.0,0.14,0.04,-0.03,-0.01
Jakobi Meyers,JAC,WR,15,2025,152.0,0.14,0.01,-0.1,-0.01
Devin Singletary,NYG,RB,16,2025,153.0,0.13,0.01,-0.75,-0.05
Davis Mills,HOU,QB,5,2025,154.0,0.11,0.02,,
Theo Wease Jr.,MIA,WR,2,2025,155.0,0.09,0.05,0.07,0.03
Bhayshul Tuten,JAC,RB,14,2025,156.0,0.08,0.01,-0.63,-0.05
Tre Tucker,LV,WR,16,2025,157.0,0.08,0.01,-0.39,-0.02
Keenan Allen,LAC,WR,16,2025,158.0,0.08,0.0,-0.26,-0.02
Carson Wentz,MIN,QB,5,2025,159.0,0.05,0.01,,
Mac Jones,SF,QB,11,2025,160.0,0.05,0.0,,
Michael Carter,ARI,RB,12,2025,161.0,0.05,0.0,-0.51,-0.04
Isiah Pacheco,KC,RB,13,2025,162.0,0.04,0.0,-0.53,-0.04
Nick Chubb,HOU,RB,15,2025,163.0,0.03,0.0,-0.7,-0.05
Tory Horton,SEA,WR,8,2025,164.0,0.03,0.0,-0.19,-0.02
Brittain Brown,CHI,RB,2,2025,165.0,0.01,0.0,-0.1,-0.05
Devin Neal,NO,RB,9,2025,166.0,-0.0,-0.0,-0.47,-0.05
Chris Godwin Jr.,TB,WR,8,2025,167.0,-0.0,-0.0,-0.18,-0.02
Justice Hill,BAL,RB,10,2025,168.0,-0.0,-0.0,-0.69,-0.07
Emanuel Wilson,GB,RB,16,2025,169.0,-0.01,-0.0,-1.02,-0.06
Jameis Winston,NYG,QB,3,2025,170.0,-0.02,-0.01,,
Jalen McMillan,TB,WR,3,2025,171.0,-0.03,-0.01,-0.09,-0.03
Khalil Shakir,BUF,WR,16,2025,172.0,-0.03,-0.0,-0.34,-0.02
Albert Okwuegbunam Jr.,LV,TE,1,2025,173.0,-0.04,-0.04,-0.09,-0.09
Audric Estime,NO,RB,6,2025,174.0,-0.04,-0.01,-0.41,-0.07
Miles Sanders,DAL,RB,4,2025,175.0,-0.05,-0.01,-0.23,-0.06
Shedeur Sanders,CLE,QB,7,2025,176.0,-0.06,-0.01,,
Jacardia Wright,SEA,RB,1,2025,177.0,-0.07,-0.07,-0.13,-0.13
Trey Benson,ARI,RB,5,2025,178.0,-0.07,-0.01,-0.31,-0.06
Amar Johnson,LAC,RB,1,2025,179.0,-0.09,-0.09,-0.17,-0.17
Myles Gaskin,FA,RB,1,2025,180.0,-0.09,-0.09,-0.17,-0.17
David Njoku,CLE,TE,12,2025,181.0,-0.09,-0.01,-0.75,-0.06
Kendall Milton,CIN,RB,1,2025,182.0,-0.1,-0.1,-0.18,-0.18
Sal Cannella,CLE,TE,1,2025,183.0,-0.1,-0.1,-0.16,-0.16
Luther Burden III,CHI,WR,14,2025,184.0,-0.1,-0.01,-0.5,-0.04
Ulysses Bentley IV,IND,RB,1,2025,185.0,-0.1,-0.1,-0.19,-0.19
Keaontay Ingram,KC,RB,1,2025,185.0,-0.1,-0.1,-0.19,-0.19
Chris Collier,LV,RB,1,2025,185.0,-0.1,-0.1,-0.19,-0.19
Deion Hankins,CHI,RB,1,2025,185.0,-0.1,-0.1,-0.19,-0.19
Sincere McCormick,FA,RB,1,2025,185.0,-0.1,-0.1,-0.19,-0.19
Elijah Mitchell,NE,RB,1,2025,185.0,-0.1,-0.1,-0.19,-0.19
Xazavian Valladay,FA,RB,1,2025,185.0,-0.1,-0.1,-0.19,-0.19
Avery Williams,FA,RB,1,2025,185.0,-0.1,-0.1,-0.19,-0.19
Keilan Robinson,NYJ,RB,1,2025,185.0,-0.1,-0.1,-0.19,-0.19
Raheem Blackshear,FA,RB,1,2025,185.0,-0.1,-0.1,-0.19,-0.19
Jashaun Corbin,NE,RB,1,2025,185.0,-0.1,-0.1,-0.19,-0.19
Kye Robichaux,DET,RB,1,2025,185.0,-0.1,-0.1,-0.19,-0.19
Jeff Wilson Jr.,MIA,RB,1,2025,185.0,-0.1,-0.1,-0.19,-0.19
Jordan Mims,TEN,RB,1,2025,185.0,-0.1,-0.1,-0.19,-0.19
Michael Burton,DEN,RB,1,2025,185.0,-0.1,-0.1,-0.19,-0.19
Jared Wayne,HOU,WR,1,2025,200.0,-0.1,-0.1,-0.13,-0.13
Jaylen Wright,MIA,RB,10,2025,201.0,-0.1,-0.01,-0.72,-0.07
Jaret Patterson,LAC,RB,5,2025,202.0,-0.11,-0.02,-0.4,-0.08
Andrew DePaola,MIN,TE,1,2025,203.0,-0.12,-0.12,-0.19,-0.19
Kenny Yeboah,FA,TE,1,2025,203.0,-0.12,-0.12,-0.19,-0.19
CJ Dippre,NE,TE,1,2025,203.0,-0.12,-0.12,-0.19,-0.19
Princeton Fant,DAL,TE,1,2025,203.0,-0.12,-0.12,-0.19,-0.19
Nikola Kalinic,CHI,TE,1,2025,203.0,-0.12,-0.12,-0.19,-0.19
Zach Horton,DET,TE,1,2025,203.0,-0.12,-0.12,-0.19,-0.19
Lawrence Cager,WAS,TE,1,2025,203.0,-0.12,-0.12,-0.19,-0.19
Zach Davidson,NYG,TE,1,2025,203.0,-0.12,-0.12,-0.19,-0.19
Tyler Ott,WAS,TE,1,2025,203.0,-0.12,-0.12,-0.19,-0.19
Drake Dabney,GB,TE,1,2025,203.0,-0.12,-0.12,-0.19,-0.19
Patrick Murtagh,DEN,TE,1,2025,203.0,-0.12,-0.12,-0.19,-0.19
Malik Cunningham,DET,WR,1,2025,214.0,-0.13,-0.13,-0.18,-0.18
Kendre Miller,NO,RB,7,2025,215.0,-0.13,-0.02,-0.52,-0.07
Jeremiah Webb,NE,WR,1,2025,216.0,-0.14,-0.14,-0.19,-0.19
Jordan Moore,CIN,WR,1,2025,216.0,-0.14,-0.14,-0.19,-0.19
Kristian Wilkerson,FA,WR,1,2025,216.0,-0.14,-0.14,-0.19,-0.19
River Cracraft,WAS,WR,1,2025,216.0,-0.14,-0.14,-0.19,-0.19
Bryson Green,ARI,WR,1,2025,216.0,-0.14,-0.14,-0.19,-0.19
Ja'Corey Brooks,WAS,WR,1,2025,216.0,-0.14,-0.14,-0.19,-0.19
Jacob Cowing,SF,WR,1,2025,216.0,-0.14,-0.14,-0.19,-0.19
Brandon Smith,NE,WR,1,2025,216.0,-0.14,-0.14,-0.19,-0.19
Cade McDonald,FA,WR,1,2025,216.0,-0.14,-0.14,-0.19,-0.19
Ronnie Bell,NO,WR,1,2025,216.0,-0.14,-0.14,-0.19,-0.19
Chandler Brayboy,JAC,WR,1,2025,216.0,-0.14,-0.14,-0.19,-0.19
DJ Turner,LV,WR,1,2025,216.0,-0.14,-0.14,-0.19,-0.19
Dan Chisena,CAR,WR,1,2025,216.0,-0.14,-0.14,-0.19,-0.19
Maurice Alexander,CHI,WR,1,2025,216.0,-0.14,-0.14,-0.19,-0.19
Russell Gage Jr.,FA,WR,1,2025,216.0,-0.14,-0.14,-0.19,-0.19
Parris Campbell,DAL,WR,1,2025,216.0,-0.14,-0.14,-0.19,-0.19
Travis Hunter,JAC,WR,7,2025,232.0,-0.14,-0.02,-0.32,-0.05
Raheim Sanders,CLE,RB,4,2025,233.0,-0.14,-0.03,-0.36,-0.09
Philip Rivers,IND,QB,3,2025,234.0,-0.15,-0.05,,
Najee Harris,LAC,RB,3,2025,235.0,-0.15,-0.05,-0.33,-0.11
Braelon Allen,NYJ,RB,4,2025,236.0,-0.15,-0.04,-0.38,-0.1
Austin Ekeler,WAS,RB,3,2025,237.0,-0.15,-0.05,-0.34,-0.11
Ricky Pearsall,SF,WR,10,2025,238.0,-0.15,-0.02,-0.38,-0.04
Ty Chandler,MIN,RB,2,2025,239.0,-0.16,-0.08,-0.31,-0.15
Clyde Edwards-Helaire,KC,RB,2,2025,240.0,-0.16,-0.08,-0.32,-0.16
Jayden Reed,GB,WR,6,2025,241.0,-0.17,-0.03,-0.3,-0.05
Marquise Brown,KC,WR,15,2025,242.0,-0.18,-0.01,-0.5,-0.03
Josh Williams,FA,RB,2,2025,243.0,-0.18,-0.09,-0.34,-0.17
Brett Rypien,MIN,QB,1,2025,244.0,-0.19,-0.19,,
Stetson Bennett IV,LAR,QB,1,2025,244.0,-0.19,-0.19,,
Will Grier,DAL,QB,1,2025,244.0,-0.19,-0.19,,
Adrian Martinez,SF,QB,1,2025,247.0,-0.19,-0.19,,
Jarrett Stidham,DEN,QB,1,2025,247.0,-0.19,-0.19,,
Xavier Restrepo,TEN,WR,2,2025,249.0,-0.19,-0.1,-0.27,-0.13
Clayton Tune,GB,QB,1,2025,250.0,-0.2,-0.2,,
Malik Davis,DAL,RB,10,2025,251.0,-0.2,-0.02,-0.78,-0.08
Gary Brightwell,CIN,RB,2,2025,252.0,-0.2,-0.1,-0.37,-0.19
Jordan James,SF,RB,2,2025,252.0,-0.2,-0.1,-0.37,-0.19
Alexander Mattison,MIA,RB,2,2025,252.0,-0.2,-0.1,-0.37,-0.19
Lew Nichols III,PIT,RB,2,2025,252.0,-0.2,-0.1,-0.37,-0.19
Will Mallory,IND,TE,2,2025,256.0,-0.2,-0.1,-0.33,-0.17
Antonio Gibson,NE,RB,5,2025,257.0,-0.21,-0.04,-0.51,-0.1
Tyrod Taylor,NYJ,QB,6,2025,258.0,-0.21,-0.03,,
Jake Browning,CIN,QB,5,2025,259.0,-0.21,-0.04,,
Justin Watson,HOU,WR,2,2025,260.0,-0.21,-0.11,-0.29,-0.15
Corey Kiner,ARI,RB,3,2025,261.0,-0.22,-0.07,-0.44,-0.15
Pat Freiermuth,PIT,TE,16,2025,262.0,-0.22,-0.01,-1.17,-0.07
Jacoby Jones,WAS,WR,2,2025,263.0,-0.22,-0.11,-0.31,-0.15
Nathan Carter,ATL,RB,3,2025,264.0,-0.23,-0.08,-0.45,-0.15
Chig Okonkwo,TEN,TE,16,2025,265.0,-0.24,-0.01,-1.11,-0.07
Tua Tagovailoa,MIA,QB,14,2025,266.0,-0.24,-0.02,,
Stephen Carlson,CHI,TE,2,2025,267.0,-0.24,-0.12,-0.37,-0.19
Thomas Fidone II,NYG,TE,2,2025,267.0,-0.24,-0.12,-0.37,-0.19
Treyton Welch,NO,TE,2,2025,267.0,-0.24,-0.12,-0.37,-0.19
E.J. Jenkins,PHI,TE,2,2025,267.0,-0.24,-0.12,-0.37,-0.19
Zach Wood,NO,TE,2,2025,267.0,-0.24,-0.12,-0.37,-0.19
Kirk Cousins,ATL,QB,9,2025,272.0,-0.24,-0.03,,
Samaje Perine,CIN,RB,14,2025,273.0,-0.25,-0.02,-1.07,-0.08
Quinn Ewers,MIA,QB,3,2025,274.0,-0.25,-0.08,,
Greg Dulcich,MIA,TE,9,2025,275.0,-0.25,-0.03,-0.75,-0.08
Chris Oladokun,KC,QB,2,2025,276.0,-0.25,-0.13,,
Bryce Oliver,TEN,WR,2,2025,277.0,-0.26,-0.13,-0.35,-0.18
Cam Akers,SEA,RB,3,2025,278.0,-0.26,-0.09,-0.51,-0.17
Russell Wilson,NYG,QB,6,2025,279.0,-0.27,-0.04,,
Jackson Meeks,DET,WR,2,2025,280.0,-0.27,-0.14,-0.37,-0.19
Kaden Davis,CLE,WR,2,2025,280.0,-0.27,-0.14,-0.37,-0.19
Steven Sims Jr.,ARI,WR,2,2025,280.0,-0.27,-0.14,-0.37,-0.19
Coleman Owen,IND,WR,2,2025,280.0,-0.27,-0.14,-0.37,-0.19
Ricky White III,SEA,WR,2,2025,280.0,-0.27,-0.14,-0.37,-0.19
Dalevon Campbell,LAC,WR,2,2025,280.0,-0.27,-0.14,-0.37,-0.19
T.J. Hockenson,MIN,TE,15,2025,286.0,-0.28,-0.02,-1.09,-0.07
Jaydon Blue,DAL,RB,4,2025,287.0,-0.28,-0.07,-0.56,-0.14
Calvin Ridley,TEN,WR,7,2025,288.0,-0.28,-0.04,-0.47,-0.07
Marcus Mariota,WAS,QB,12,2025,289.0,-0.29,-0.02,,
Owen Wright,TB,RB,3,2025,290.0,-0.29,-0.1,-0.54,-0.18
Geno Smith,LV,QB,15,2025,291.0,-0.29,-0.02,,
Eric Gray,NYG,RB,3,2025,292.0,-0.3,-0.1,-0.56,-0.19
Chase Edmonds,WAS,RB,3,2025,292.0,-0.3,-0.1,-0.56,-0.19
Trey Sermon,PIT,RB,3,2025,292.0,-0.3,-0.1,-0.56,-0.19
Nyheim Miller-Hines,NO,RB,3,2025,295.0,-0.3,-0.1,-0.56,-0.19
Jaleel McLaughlin,DEN,RB,7,2025,296.0,-0.3,-0.04,-0.72,-0.1
Spencer Rattler,NO,QB,9,2025,297.0,-0.3,-0.03,,
Mecole Hardman Jr.,BUF,WR,2,2025,298.0,-0.3,-0.15,-0.42,-0.21
Hunter Renfrow,CAR,WR,6,2025,299.0,-0.3,-0.05,-0.54,-0.09
Robbie Chosen,WAS,WR,3,2025,300.0,-0.3,-0.1,-0.42,-0.14
Terrell Jennings,NE,RB,6,2025,301.0,-0.31,-0.05,-0.72,-0.12
Shedrick Jackson,LV,WR,4,2025,302.0,-0.31,-0.08,-0.45,-0.11
Tyler Higbee,LAR,TE,9,2025,303.0,-0.31,-0.03,-0.82,-0.09
Keaton Mitchell,BAL,RB,12,2025,304.0,-0.32,-0.03,-0.97,-0.08
Zamir White,LV,RB,4,2025,305.0,-0.32,-0.08,-0.63,-0.16
Keon Coleman,BUF,WR,12,2025,306.0,-0.32,-0.03,-0.65,-0.05
Michael Bandy,DEN,WR,4,2025,307.0,-0.34,-0.09,-0.49,-0.12
Jared Wiley,KC,TE,3,2025,308.0,-0.35,-0.12,-0.55,-0.18
Dameon Pierce,KC,RB,4,2025,309.0,-0.35,-0.09,-0.68,-0.17
Luke McCaffrey,WAS,WR,9,2025,310.0,-0.36,-0.04,-0.6,-0.07
Jayden Higgins,HOU,WR,16,2025,311.0,-0.36,-0.02,-0.74,-0.05
Ryan Flournoy,DAL,WR,14,2025,312.0,-0.36,-0.03,-0.74,-0.05
Matt Orzech,GB,TE,3,2025,313.0,-0.36,-0.12,-0.56,-0.19
Nick Vannett,LAR,TE,3,2025,313.0,-0.36,-0.12,-0.56,-0.19
Travis Vokolek,ARI,TE,3,2025,313.0,-0.36,-0.12,-0.56,-0.19
Giovanni Ricci,DET,TE,3,2025,313.0,-0.36,-0.12,-0.56,-0.19
Ko Kieft,TB,TE,3,2025,313.0,-0.36,-0.12,-0.56,-0.19
James Winchester,KC,TE,3,2025,313.0,-0.36,-0.12,-0.56,-0.19
DeeJay Dallas,JAC,RB,4,2025,319.0,-0.36,-0.09,-0.69,-0.17
Jalen Coker,CAR,WR,10,2025,320.0,-0.36,-0.04,-0.62,-0.06
Tay Martin,FA,WR,3,2025,321.0,-0.37,-0.12,-0.5,-0.17
Anthony Richardson Sr.,IND,QB,2,2025,322.0,-0.37,-0.19,,
Kedon Slovis,ARI,QB,2,2025,323.0,-0.37,-0.19,,
Dylan Sampson,CLE,RB,14,2025,324.0,-0.37,-0.03,-1.22,-0.09
Khalil Herbert,NYJ,RB,4,2025,325.0,-0.38,-0.09,-0.72,-0.18
Jake Tonges,SF,TE,16,2025,326.0,-0.38,-0.02,-1.31,-0.08
Noah Brown,WAS,WR,4,2025,327.0,-0.39,-0.1,-0.53,-0.13
Tyler Huntley,BAL,QB,5,2025,328.0,-0.39,-0.08,,
Mike Gesicki,CIN,TE,12,2025,329.0,-0.39,-0.03,-1.09,-0.09
Emari Demercado,ARI,RB,12,2025,330.0,-0.4,-0.03,-1.13,-0.09
Malik Turner,SF,WR,3,2025,331.0,-0.41,-0.14,-0.56,-0.19
Chris Blair,ATL,WR,3,2025,331.0,-0.41,-0.14,-0.56,-0.19
Rashid Shaheed,SEA,WR,17,2025,333.0,-0.41,-0.02,-0.81,-0.05
James Mitchell,CAR,TE,4,2025,334.0,-0.42,-0.1,-0.67,-0.17
Isaiah Hodgins,NYG,WR,6,2025,335.0,-0.42,-0.07,-0.63,-0.1
Evan Hull,NO,RB,5,2025,336.0,-0.43,-0.09,-0.82,-0.16
Xavier Worthy,KC,WR,14,2025,337.0,-0.43,-0.03,-0.73,-0.05
Shane Zylstra,DET,TE,4,2025,338.0,-0.43,-0.11,-0.69,-0.17
Lucas Krull,DEN,TE,4,2025,339.0,-0.45,-0.11,-0.71,-0.18
Josh Downs,IND,WR,15,2025,340.0,-0.45,-0.03,-0.77,-0.05
Ty Johnson,BUF,RB,16,2025,341.0,-0.45,-0.03,-1.37,-0.09
Trayveon Williams,CLE,RB,6,2025,342.0,-0.46,-0.08,-0.92,-0.15
Braxton Berrios,HOU,WR,4,2025,343.0,-0.47,-0.12,-0.64,-0.16
Keleki Latu,BUF,TE,4,2025,344.0,-0.47,-0.12,-0.73,-0.18
D'Ernest Johnson,NE,RB,5,2025,345.0,-0.47,-0.09,-0.9,-0.18
Hayden Rucci,MIA,TE,4,2025,346.0,-0.48,-0.12,-0.74,-0.19
Kalel Mullings,TEN,RB,5,2025,347.0,-0.48,-0.1,-0.91,-0.18
Dawson Knox,BUF,TE,16,2025,348.0,-0.48,-0.03,-1.41,-0.09
Josh Reynolds,NYJ,WR,5,2025,349.0,-0.49,-0.1,-0.67,-0.13
Elic Ayomanor,TEN,WR,15,2025,350.0,-0.49,-0.03,-0.84,-0.06
Tyquan Thornton,KC,WR,14,2025,351.0,-0.5,-0.04,-0.87,-0.06
A.J. Dillon,PHI,RB,6,2025,352.0,-0.5,-0.08,-0.97,-0.16
Terrance Ferguson,LAR,TE,13,2025,353.0,-0.5,-0.04,-1.27,-0.1
Gabe Davis,BUF,WR,5,2025,354.0,-0.51,-0.1,-0.7,-0.14
Joe Milton III,DAL,QB,3,2025,355.0,-0.51,-0.17,,
Ronnie Rivers,LAR,RB,6,2025,356.0,-0.51,-0.09,-0.99,-0.17
David Moore,CAR,WR,4,2025,357.0,-0.51,-0.13,-0.7,-0.18
Mason Taylor,NYJ,TE,13,2025,358.0,-0.51,-0.04,-1.25,-0.1
Tim Jones,JAC,WR,4,2025,359.0,-0.52,-0.13,-0.71,-0.18
Curtis Samuel,BUF,WR,6,2025,360.0,-0.52,-0.09,-0.73,-0.12
Trey Lance,LAC,QB,3,2025,361.0,-0.52,-0.17,,
Velus Jones Jr.,SEA,RB,6,2025,362.0,-0.54,-0.09,-1.03,-0.17
Zavier Scott,MIN,RB,10,2025,363.0,-0.54,-0.05,-1.22,-0.12
Quinton Bell,MIA,WR,4,2025,364.0,-0.54,-0.14,-0.74,-0.19
Jalen Cropper,DAL,WR,4,2025,364.0,-0.54,-0.14,-0.74,-0.19
Jordan Clark,NYJ,WR,4,2025,364.0,-0.54,-0.14,-0.74,-0.19
Tyson Bagent,CHI,QB,3,2025,367.0,-0.54,-0.18,,
Mitchell Trubisky,BUF,QB,3,2025,368.0,-0.55,-0.18,,
Tanner McKee,PHI,QB,3,2025,369.0,-0.55,-0.18,,
Zach Wilson,MIA,QB,3,2025,370.0,-0.55,-0.18,,
Joshua Dobbs,NE,QB,3,2025,371.0,-0.55,-0.18,,
Tip Reiman,ARI,TE,5,2025,372.0,-0.56,-0.11,-0.88,-0.18
Cam Ward,TEN,QB,16,2025,373.0,-0.56,-0.03,,
Logan Woodside,ARI,QB,3,2025,374.0,-0.56,-0.19,,
Roschon Johnson,CHI,RB,6,2025,375.0,-0.56,-0.09,-1.07,-0.18
Tez Johnson,TB,WR,15,2025,376.0,-0.57,-0.04,-1.04,-0.07
Brian Robinson Jr.,SF,RB,16,2025,377.0,-0.57,-0.04,-1.52,-0.09
Brady Cook,NYJ,QB,4,2025,378.0,-0.57,-0.14,,
Jahdae Walker,CHI,WR,6,2025,379.0,-0.57,-0.1,-0.81,-0.13
Hunter Long,JAC,TE,9,2025,380.0,-0.57,-0.06,-1.11,-0.12
Moliki Matavao,NO,TE,5,2025,381.0,-0.58,-0.12,-0.9,-0.18
Kevin Austin Jr.,NO,WR,7,2025,382.0,-0.58,-0.08,-0.85,-0.12
Mack Hollins,NE,WR,15,2025,383.0,-0.58,-0.04,-0.93,-0.06
Cam Grandy,CIN,TE,5,2025,384.0,-0.58,-0.12,-0.91,-0.18
Treylon Burks,WAS,WR,7,2025,385.0,-0.58,-0.08,-0.82,-0.12
Craig Reynolds,NE,RB,6,2025,386.0,-0.58,-0.1,-1.11,-0.18
Jelani Woods,NYJ,TE,5,2025,387.0,-0.59,-0.12,-0.92,-0.18
Michael Mayer,LV,TE,12,2025,388.0,-0.59,-0.05,-1.3,-0.11
Greg Dortch,ARI,WR,12,2025,389.0,-0.59,-0.05,-0.95,-0.08
Mitchell Fraboni,DEN,TE,5,2025,390.0,-0.6,-0.12,-0.93,-0.19
Marcedes Lewis,DEN,TE,5,2025,390.0,-0.6,-0.12,-0.93,-0.19
Justin Shorter,LV,TE,5,2025,390.0,-0.6,-0.12,-0.93,-0.19
Anthony Firkser,DET,TE,6,2025,393.0,-0.6,-0.1,-0.98,-0.16
Darius Slayton,NYG,WR,13,2025,394.0,-0.6,-0.05,-0.92,-0.07
Tom Kennedy,DET,WR,5,2025,395.0,-0.61,-0.12,-0.83,-0.17
Cooper Kupp,SEA,WR,15,2025,396.0,-0.61,-0.04,-0.96,-0.06
KaVontae Turpin,DAL,WR,14,2025,397.0,-0.61,-0.04,-1.01,-0.07
Ollie Gordon II,MIA,RB,16,2025,398.0,-0.61,-0.04,-1.68,-0.11
Josh Whyle,GB,TE,7,2025,399.0,-0.62,-0.09,-1.05,-0.15
Noah Fant,CIN,TE,14,2025,400.0,-0.62,-0.04,-1.43,-0.1
Jalen Brooks,ARI,WR,5,2025,401.0,-0.62,-0.12,-0.85,-0.17
Evan Engram,DEN,TE,15,2025,402.0,-0.63,-0.04,-1.48,-0.1
Jordan Watkins,SF,WR,5,2025,403.0,-0.63,-0.13,-0.86,-0.17
Jonathan Mingo,DAL,WR,5,2025,404.0,-0.63,-0.13,-0.86,-0.17
Isaiah Davis,NYJ,RB,16,2025,405.0,-0.63,-0.04,-1.65,-0.1
Cade Otton,TB,TE,15,2025,406.0,-0.64,-0.04,-1.49,-0.1
Riley Leonard,IND,QB,4,2025,407.0,-0.64,-0.16,,
Josh Johnson,WAS,QB,4,2025,408.0,-0.65,-0.16,,
Jerry Jeudy,CLE,WR,16,2025,409.0,-0.66,-0.04,-1.09,-0.07
Tutu Atwell,LAR,WR,9,2025,410.0,-0.66,-0.07,-1.02,-0.11
Jalen Nailor,MIN,WR,16,2025,411.0,-0.66,-0.04,-1.2,-0.08
Andre Baccellia,ARI,WR,5,2025,412.0,-0.66,-0.13,-0.91,-0.18
Andy Dalton,CAR,QB,4,2025,413.0,-0.67,-0.17,,
Ray-Ray McCloud III,FA,WR,6,2025,414.0,-0.67,-0.11,-0.93,-0.15
DJ Giddens,IND,RB,8,2025,415.0,-0.68,-0.08,-1.31,-0.16
Britain Covey,PHI,WR,5,2025,416.0,-0.68,-0.14,-0.93,-0.19
Jason Brownlee,KC,WR,5,2025,416.0,-0.68,-0.14,-0.93,-0.19
DeAndre Carter,CLE,WR,5,2025,416.0,-0.68,-0.14,-0.93,-0.19
Dalen Cambre,NYG,WR,5,2025,416.0,-0.68,-0.14,-0.93,-0.19
Xavier Legette,CAR,WR,14,2025,420.0,-0.68,-0.05,-1.15,-0.08
Sione Vaki,DET,RB,7,2025,421.0,-0.68,-0.1,-1.29,-0.18
Nate Adkins,DEN,TE,8,2025,422.0,-0.69,-0.09,-1.19,-0.15
Jakob Johnson,HOU,RB,7,2025,423.0,-0.69,-0.1,-1.3,-0.19
Travis Homer,CHI,RB,7,2025,424.0,-0.69,-0.1,-1.31,-0.19
Tahj Washington,MIA,WR,5,2025,425.0,-0.69,-0.14,-0.95,-0.19
Zay Jones,ARI,WR,8,2025,426.0,-0.69,-0.09,-0.98,-0.12
Cole Kmet,CHI,TE,15,2025,427.0,-0.71,-0.05,-1.57,-0.1
Chimere Dike,TEN,WR,16,2025,428.0,-0.71,-0.04,-1.19,-0.07
Efton Chism III,NE,WR,7,2025,429.0,-0.71,-0.1,-1.02,-0.15
Pharaoh Brown,ARI,TE,6,2025,430.0,-0.71,-0.12,-1.11,-0.19
Josh Oliver,MIN,TE,14,2025,431.0,-0.72,-0.05,-1.57,-0.11
Brayden Willis,SF,TE,6,2025,432.0,-0.72,-0.12,-1.12,-0.19
Jeremy McNichols,WAS,RB,16,2025,433.0,-0.72,-0.04,-1.76,-0.11
Teddy Bridgewater,TB,QB,4,2025,434.0,-0.73,-0.18,,
Austin Trammell,JAC,WR,6,2025,435.0,-0.73,-0.12,-1.0,-0.17
Cooper Rush,BAL,QB,4,2025,436.0,-0.73,-0.18,,
George Holani,SEA,RB,10,2025,437.0,-0.74,-0.07,-1.51,-0.15
Tanner Hudson,CIN,TE,12,2025,438.0,-0.74,-0.06,-1.45,-0.12
Gardner Minshew II,KC,QB,4,2025,439.0,-0.75,-0.19,,
Kyle Allen,DET,QB,4,2025,440.0,-0.75,-0.19,,
Nick Mullens,JAC,QB,4,2025,441.0,-0.75,-0.19,,
Jimmy Garoppolo,LAR,QB,4,2025,442.0,-0.75,-0.19,,
Will Dissly,LAC,TE,8,2025,443.0,-0.75,-0.09,-1.25,-0.16
Lil'Jordan Humphrey,DEN,WR,9,2025,444.0,-0.75,-0.08,-1.08,-0.12
Brock Wright,DET,TE,11,2025,445.0,-0.75,-0.07,-1.42,-0.13
Deven Thompkins,ATL,WR,6,2025,446.0,-0.75,-0.13,-1.03,-0.17
Jalen Milroe,SEA,QB,4,2025,447.0,-0.76,-0.19,,
Gunnar Helm,TEN,TE,16,2025,448.0,-0.76,-0.05,-1.68,-0.1
Mason Rudolph,PIT,QB,5,2025,449.0,-0.77,-0.15,,
Casey Washington,ATL,WR,7,2025,450.0,-0.77,-0.11,-1.06,-0.15
Jonnu Smith,PIT,TE,16,2025,451.0,-0.78,-0.05,-1.7,-0.11
DeMario Douglas,NE,WR,16,2025,452.0,-0.78,-0.05,-1.27,-0.08
Isaiah Likely,BAL,TE,13,2025,453.0,-0.79,-0.06,-1.56,-0.12
Isaac Guerendo,SF,RB,8,2025,454.0,-0.79,-0.1,-1.49,-0.19
Adonai Mitchell,NYJ,WR,15,2025,455.0,-0.79,-0.05,-1.27,-0.08
Kendrick Bourne,SF,WR,15,2025,456.0,-0.8,-0.05,-1.27,-0.08
Cade Stover,HOU,TE,8,2025,457.0,-0.8,-0.1,-1.31,-0.16
Elijah Moore,DEN,WR,9,2025,458.0,-0.8,-0.09,-1.14,-0.13
Calvin Austin III,PIT,WR,13,2025,459.0,-0.8,-0.06,-1.21,-0.09
Tank Bigsby,PHI,RB,15,2025,460.0,-0.8,-0.05,-1.84,-0.12
Jalen Royals,KC,WR,6,2025,461.0,-0.81,-0.14,-1.12,-0.19
Cedric Tillman,CLE,WR,12,2025,462.0,-0.83,-0.07,-1.22,-0.1
Kene Nwangwu,NYJ,RB,9,2025,463.0,-0.83,-0.09,-1.59,-0.18
Stone Smartt,NYJ,TE,8,2025,464.0,-0.84,-0.1,-1.35,-0.17
Devaughn Vele,NO,WR,13,2025,465.0,-0.84,-0.06,-1.28,-0.1
Isaac TeSlaa,DET,WR,16,2025,466.0,-0.84,-0.05,-1.34,-0.08
Kenny Pickett,LV,QB,5,2025,467.0,-0.84,-0.17,,
Tyler Conklin,LAC,TE,9,2025,468.0,-0.85,-0.09,-1.41,-0.16
C.J. Ham,MIN,RB,10,2025,469.0,-0.86,-0.09,-1.67,-0.17
Dante Pettis,NO,WR,7,2025,470.0,-0.86,-0.12,-1.18,-0.17
Devontez Walker,BAL,WR,10,2025,471.0,-0.86,-0.09,-1.27,-0.13
Kaleb Johnson,PIT,RB,10,2025,472.0,-0.86,-0.09,-1.66,-0.17
Brenden Bates,CLE,TE,8,2025,473.0,-0.86,-0.11,-1.38,-0.17
Dontayvion Wicks,GB,WR,14,2025,474.0,-0.86,-0.06,-1.4,-0.1
Sterling Shepard,TB,WR,13,2025,475.0,-0.87,-0.07,-1.25,-0.1
Xavier Gipson,NYG,WR,6,2025,476.0,-0.87,-0.14,-1.2,-0.2
Ameer Abdullah,IND,RB,12,2025,477.0,-0.87,-0.07,-1.76,-0.15
Cody White,SEA,WR,9,2025,478.0,-0.87,-0.1,-1.25,-0.14
Tanner Conner,NYG,TE,9,2025,479.0,-0.87,-0.1,-1.44,-0.16
Darnell Mooney,ATL,WR,14,2025,480.0,-0.88,-0.06,-1.29,-0.09
Raheem Mostert,LV,RB,12,2025,481.0,-0.88,-0.07,-1.77,-0.15
Joshua Palmer,BUF,WR,11,2025,482.0,-0.89,-0.08,-1.24,-0.11
Austin Hooper,NE,TE,15,2025,483.0,-0.89,-0.06,-1.77,-0.12
Matthew Golden,GB,WR,13,2025,484.0,-0.91,-0.07,-1.32,-0.1
Dillon Gabriel,CLE,QB,10,2025,485.0,-0.92,-0.09,,
Zaire Mitchell-Paden,NO,TE,8,2025,486.0,-0.92,-0.11,-1.44,-0.18
Marquez Valdes-Scantling,PIT,WR,9,2025,487.0,-0.92,-0.1,-1.28,-0.14
Ben Sims,MIN,TE,8,2025,488.0,-0.93,-0.12,-1.46,-0.18
Taysom Hill,NO,TE,12,2025,489.0,-0.93,-0.08,-1.66,-0.14
Drew Lock,SEA,QB,5,2025,490.0,-0.93,-0.19,,
Marvin Mims Jr.,DEN,WR,15,2025,491.0,-0.93,-0.06,-1.43,-0.1
Tyler Goodson,IND,RB,10,2025,492.0,-0.94,-0.09,-1.79,-0.18
Andrei Iosivas,CIN,WR,16,2025,493.0,-0.94,-0.06,-1.43,-0.09
Simi Fehoko,ARI,WR,7,2025,494.0,-0.95,-0.14,-1.3,-0.19
Darnell Washington,PIT,TE,16,2025,495.0,-0.95,-0.06,-1.89,-0.12
Xavier Weaver,ARI,WR,8,2025,496.0,-0.96,-0.12,-1.31,-0.16
Ja'Tavion Sanders,CAR,TE,13,2025,497.0,-0.96,-0.07,-1.75,-0.13
Xavier Hutchinson,HOU,WR,16,2025,498.0,-0.96,-0.06,-1.48,-0.09
James Proche II,TEN,WR,8,2025,499.0,-0.97,-0.12,-1.33,-0.17
Christian Kirk,HOU,WR,12,2025,500.0,-0.98,-0.08,-1.4,-0.12
Jerome Ford,CLE,RB,13,2025,501.0,-0.98,-0.08,-1.95,-0.15
Davis Allen,LAR,TE,16,2025,502.0,-0.98,-0.06,-1.92,-0.12
Brashard Smith,KC,RB,16,2025,503.0,-0.99,-0.06,-2.1,-0.13
Dareke Young,SEA,WR,8,2025,504.0,-0.99,-0.12,-1.36,-0.17
Malik Washington,MIA,WR,16,2025,505.0,-1.0,-0.06,-1.45,-0.09
Kyle Juszczyk,SF,RB,16,2025,506.0,-1.0,-0.06,-2.11,-0.13
Dylan Drummond,ATL,WR,8,2025,507.0,-1.01,-0.13,-1.38,-0.17
Rashod Bateman,BAL,WR,13,2025,508.0,-1.02,-0.08,-1.47,-0.11
Daniel Bellinger,NYG,TE,15,2025,509.0,-1.02,-0.07,-1.95,-0.13
Jalin Hyatt,NYG,WR,8,2025,510.0,-1.02,-0.13,-1.4,-0.17
Jamari Thrash,CLE,WR,9,2025,511.0,-1.02,-0.11,-1.4,-0.16
Elijah Arroyo,SEA,TE,13,2025,512.0,-1.03,-0.08,-1.82,-0.14
Jackson Hawes,BUF,TE,16,2025,513.0,-1.03,-0.06,-1.98,-0.12
KeAndre Lambert-Smith,LAC,WR,9,2025,514.0,-1.03,-0.11,-1.43,-0.16
Pat Bryant,DEN,WR,14,2025,515.0,-1.04,-0.07,-1.49,-0.11
Tyler Johnson,NYJ,WR,12,2025,516.0,-1.05,-0.09,-1.52,-0.13
Jalen Tolbert,DAL,WR,12,2025,517.0,-1.06,-0.09,-1.51,-0.13
Jacob Saylors,DET,RB,11,2025,518.0,-1.07,-0.1,-2.02,-0.18
Olamide Zaccheaus,CHI,WR,15,2025,519.0,-1.07,-0.07,-1.54,-0.1
Nick Kallerup,SEA,TE,9,2025,520.0,-1.08,-0.12,-1.67,-0.19
Patrick Ricard,BAL,RB,11,2025,521.0,-1.08,-0.1,-2.04,-0.19
Robbie Ouzts,SEA,RB,11,2025,522.0,-1.08,-0.1,-2.05,-0.19
Max Brosmer,MIN,QB,6,2025,523.0,-1.09,-0.18,,
Laquon Treadwell,IND,WR,8,2025,524.0,-1.09,-0.14,-1.49,-0.19
Dominic Lovett,DET,WR,8,2025,524.0,-1.09,-0.14,-1.49,-0.19
Hassan Haskins,LAC,RB,12,2025,526.0,-1.09,-0.09,-2.08,-0.17
Rasheen Ali,BAL,RB,14,2025,527.0,-1.09,-0.08,-2.19,-0.16
Allen Lazard,FA,WR,10,2025,528.0,-1.09,-0.11,-1.51,-0.15
Tahj Brooks,CIN,RB,12,2025,529.0,-1.1,-0.09,-2.09,-0.17
Demarcus Robinson,SF,WR,13,2025,530.0,-1.12,-0.09,-1.56,-0.12
Ray Davis,BUF,RB,16,2025,531.0,-1.13,-0.07,-2.31,-0.14
Mason Kinsey,TEN,WR,9,2025,532.0,-1.13,-0.13,-1.55,-0.17
Cedrick Wilson Jr.,MIA,WR,9,2025,533.0,-1.14,-0.13,-1.56,-0.17
Eric Saubert,SEA,TE,10,2025,534.0,-1.15,-0.11,-1.81,-0.18
Devin Culp,TB,TE,11,2025,535.0,-1.15,-0.1,-1.86,-0.17
Tucker Fisk,LAC,TE,10,2025,536.0,-1.15,-0.12,-1.81,-0.18
British Brooks,HOU,RB,12,2025,537.0,-1.16,-0.1,-2.19,-0.18
Chris Moore,WAS,WR,13,2025,538.0,-1.17,-0.09,-1.66,-0.13
Beaux Collins,NYG,WR,9,2025,539.0,-1.18,-0.13,-1.61,-0.18
Ross Dwelley,CAR,TE,10,2025,540.0,-1.18,-0.12,-1.84,-0.18
Hunter Luepke,DAL,RB,16,2025,541.0,-1.18,-0.07,-2.37,-0.15
Foster Moreau,NO,TE,11,2025,542.0,-1.18,-0.11,-1.89,-0.17
Carter Runyon,LV,TE,10,2025,543.0,-1.19,-0.12,-1.85,-0.19
Ashton Dulin,IND,WR,11,2025,544.0,-1.19,-0.11,-1.64,-0.15
DeAndre Hopkins,BAL,WR,16,2025,545.0,-1.2,-0.07,-1.74,-0.11
Tim Patrick,JAC,WR,15,2025,546.0,-1.2,-0.08,-1.77,-0.12
John Metchie III,NYJ,WR,15,2025,547.0,-1.21,-0.08,-1.76,-0.12
Kalif Raymond,DET,WR,14,2025,548.0,-1.22,-0.09,-1.74,-0.12
Mitchell Evans,CAR,TE,16,2025,549.0,-1.23,-0.08,-2.2,-0.14
Colson Yankoff,WAS,RB,13,2025,550.0,-1.25,-0.1,-2.37,-0.18
Tommy Tremble,CAR,TE,16,2025,551.0,-1.25,-0.08,-2.24,-0.14
Dyami Brown,JAC,WR,14,2025,552.0,-1.25,-0.09,-1.8,-0.13
Will Shipley,PHI,RB,14,2025,553.0,-1.26,-0.09,-2.41,-0.17
Tyler Badie,DEN,RB,15,2025,554.0,-1.26,-0.08,-2.43,-0.16
Julian Hill,MIA,TE,13,2025,555.0,-1.26,-0.1,-2.07,-0.16
Jaylin Noel,HOU,WR,16,2025,556.0,-1.26,-0.08,-1.83,-0.11
Kyle Williams,NE,WR,16,2025,557.0,-1.27,-0.08,-1.89,-0.12
Roman Wilson,PIT,WR,14,2025,558.0,-1.27,-0.09,-1.85,-0.13
Charlie Kolar,BAL,TE,16,2025,559.0,-1.28,-0.08,-2.26,-0.14
Harrison Bryant,HOU,TE,11,2025,560.0,-1.3,-0.12,-2.03,-0.18
Josiah Deguara,ARI,TE,11,2025,561.0,-1.3,-0.12,-2.03,-0.18
Elijah Higgins,ARI,TE,16,2025,562.0,-1.3,-0.08,-2.29,-0.14
Ben Yurosek,MIN,TE,11,2025,563.0,-1.3,-0.12,-2.03,-0.18
Feleipe Franks,ATL,TE,11,2025,564.0,-1.31,-0.12,-2.04,-0.19
Malachi Corley,CLE,WR,12,2025,565.0,-1.31,-0.11,-1.79,-0.15
Savion Williams,GB,WR,12,2025,566.0,-1.31,-0.11,-1.81,-0.15
Adam Trautman,DEN,TE,16,2025,567.0,-1.31,-0.08,-2.29,-0.14
Isaiah Bond,CLE,WR,15,2025,568.0,-1.32,-0.09,-1.84,-0.12
Jimmy Horn Jr.,CAR,WR,12,2025,569.0,-1.32,-0.11,-1.81,-0.15
Jake Bobo,SEA,WR,10,2025,570.0,-1.32,-0.13,-1.81,-0.18
Quintin Morris,JAC,TE,12,2025,571.0,-1.32,-0.11,-2.1,-0.18
Malik Heath,ATL,WR,11,2025,572.0,-1.33,-0.12,-1.82,-0.17
Van Jefferson,TEN,WR,16,2025,573.0,-1.33,-0.08,-1.87,-0.12
Luke Musgrave,GB,TE,16,2025,574.0,-1.33,-0.08,-2.31,-0.14
LeQuint Allen Jr.,JAC,RB,16,2025,575.0,-1.34,-0.08,-2.6,-0.16
Dare Ogunbowale,HOU,RB,16,2025,576.0,-1.34,-0.08,-2.62,-0.16
Scott Matlock,LAC,RB,15,2025,577.0,-1.34,-0.09,-2.59,-0.17
JuJu Smith-Schuster,KC,WR,16,2025,578.0,-1.35,-0.08,-1.91,-0.12
Connor Heyward,PIT,TE,15,2025,579.0,-1.36,-0.09,-2.3,-0.15
Chris Brooks,GB,RB,16,2025,580.0,-1.36,-0.08,-2.62,-0.16
Jeremy Ruckert,NYJ,TE,16,2025,581.0,-1.36,-0.09,-2.34,-0.15
Derius Davis,LAC,WR,10,2025,582.0,-1.38,-0.14,-1.89,-0.19
Ke'Shawn Williams,CIN,WR,10,2025,583.0,-1.38,-0.14,-1.89,-0.19
Andrew Beck,NYJ,RB,16,2025,584.0,-1.39,-0.09,-2.69,-0.17
Ben Sinnott,WAS,TE,15,2025,585.0,-1.39,-0.09,-2.33,-0.16
Xavier Smith,LAR,WR,15,2025,586.0,-1.41,-0.09,-1.98,-0.13
Ian Thomas,LV,TE,14,2025,587.0,-1.42,-0.1,-2.31,-0.16
Adam Prentice,DEN,RB,16,2025,588.0,-1.42,-0.09,-2.73,-0.17
Trevor Etienne,CAR,RB,16,2025,589.0,-1.43,-0.09,-2.74,-0.17
KhaDarel Hodge,ATL,WR,11,2025,590.0,-1.43,-0.13,-1.96,-0.18
Tre Harris,LAC,WR,16,2025,591.0,-1.44,-0.09,-2.0,-0.12
Luke Farrell,SF,TE,16,2025,592.0,-1.46,-0.09,-2.47,-0.15
Noah Gray,KC,TE,15,2025,593.0,-1.46,-0.1,-2.41,-0.16
Brandin Cooks,BUF,WR,15,2025,594.0,-1.46,-0.1,-2.04,-0.14
Tyler Lockett,LV,WR,16,2025,595.0,-1.47,-0.09,-2.04,-0.13
John Bates,WAS,TE,14,2025,596.0,-1.47,-0.11,-2.37,-0.17
Brady Russell,SEA,RB,15,2025,597.0,-1.48,-0.1,-2.79,-0.19
John FitzPatrick,GB,TE,15,2025,598.0,-1.48,-0.1,-2.44,-0.16
Anthony Gould,IND,WR,11,2025,599.0,-1.48,-0.13,-2.03,-0.18
Alec Ingold,MIA,RB,16,2025,600.0,-1.48,-0.09,-2.83,-0.18
David Martin-Robinson,TEN,TE,14,2025,601.0,-1.49,-0.11,-2.4,-0.17
Tyrell Shavers,BUF,WR,16,2025,602.0,-1.49,-0.09,-2.14,-0.13
Julius Chestnut,TEN,RB,16,2025,603.0,-1.51,-0.09,-2.87,-0.18
Darius Cooper,PHI,WR,12,2025,604.0,-1.52,-0.13,-2.08,-0.17
Isaiah Williams,NYJ,WR,14,2025,605.0,-1.52,-0.11,-2.11,-0.15
Jamal Agnew,FA,WR,11,2025,606.0,-1.52,-0.14,-2.09,-0.19
David Sills V,ATL,WR,16,2025,607.0,-1.53,-0.1,-2.15,-0.13
Gage Larvadain,CLE,WR,12,2025,608.0,-1.53,-0.13,-2.09,-0.17
Scotty Miller,PIT,WR,12,2025,609.0,-1.53,-0.13,-2.09,-0.17
Jack Stoll,NO,TE,15,2025,610.0,-1.53,-0.1,-2.5,-0.17
Dylan Laube,LV,RB,16,2025,611.0,-1.53,-0.1,-2.91,-0.18
Tylan Wallace,BAL,WR,13,2025,612.0,-1.53,-0.12,-2.13,-0.16
Mo Alie-Cox,IND,TE,16,2025,613.0,-1.54,-0.1,-2.56,-0.16
Drew Sample,CIN,TE,16,2025,614.0,-1.55,-0.1,-2.56,-0.16
Grant Calcaterra,PHI,TE,14,2025,615.0,-1.55,-0.11,-2.46,-0.18
Ryan Miller,NYG,WR,13,2025,616.0,-1.56,-0.12,-2.16,-0.17
Reggie Gilliam,BUF,RB,16,2025,617.0,-1.57,-0.1,-2.97,-0.19
Jack Westover,NE,RB,16,2025,618.0,-1.57,-0.1,-2.98,-0.19
Jahan Dotson,PHI,WR,16,2025,619.0,-1.58,-0.1,-2.21,-0.14
Drew Ogletree,IND,TE,15,2025,620.0,-1.58,-0.11,-2.55,-0.17
Mason Tipton,NO,WR,13,2025,621.0,-1.58,-0.12,-2.17,-0.17
Johnny Mundt,JAC,TE,15,2025,622.0,-1.58,-0.11,-2.55,-0.17
Trent Sherfield Sr.,ARI,WR,12,2025,623.0,-1.59,-0.13,-2.18,-0.18
Bo Melton,GB,WR,15,2025,624.0,-1.6,-0.11,-2.24,-0.15
Jack Bech,LV,WR,15,2025,625.0,-1.6,-0.11,-2.2,-0.15
Alex Bachman,LV,WR,12,2025,626.0,-1.61,-0.13,-2.2,-0.18
Jaylin Lane,WAS,WR,15,2025,627.0,-1.61,-0.11,-2.22,-0.15
Brevyn Spann-Ford,DAL,TE,16,2025,628.0,-1.63,-0.1,-2.65,-0.17
Dont'e Thornton Jr.,LV,WR,14,2025,629.0,-1.64,-0.12,-2.25,-0.16
Luke Schoonmaker,DAL,TE,16,2025,630.0,-1.65,-0.1,-2.67,-0.17
Mitch Tinsley,CIN,WR,16,2025,631.0,-1.67,-0.1,-2.33,-0.15
Cameron Latu,PHI,TE,14,2025,632.0,-1.67,-0.12,-2.6,-0.19
Teagan Quitoriano,ATL,TE,14,2025,632.0,-1.67,-0.12,-2.6,-0.19
Dee Eskridge,MIA,WR,13,2025,634.0,-1.69,-0.13,-2.31,-0.18
Tai Felton,MIN,WR,13,2025,635.0,-1.72,-0.13,-2.35,-0.18
Nick Westbrook-Ikhine,MIA,WR,14,2025,636.0,-1.74,-0.12,-2.37,-0.17
Adam Thielen,PIT,WR,15,2025,637.0,-1.76,-0.12,-2.42,-0.16
Ben Skowronek,PIT,WR,15,2025,638.0,-1.76,-0.12,-2.44,-0.16
Brycen Tremayne,CAR,WR,15,2025,639.0,-1.78,-0.12,-2.44,-0.16
Blake Whiteheart,CLE,TE,15,2025,640.0,-1.78,-0.12,-2.78,-0.19
Robert Tonyan,KC,TE,15,2025,641.0,-1.79,-0.12,-2.79,-0.19
Charlie Woerner,ATL,TE,16,2025,642.0,-1.8,-0.11,-2.85,-0.18
Jordan Whittington,LAR,WR,16,2025,643.0,-1.82,-0.11,-2.5,-0.16
Nikko Remigio,KC,WR,14,2025,644.0,-1.84,-0.13,-2.52,-0.18
Gunner Olszewski,NYG,WR,15,2025,645.0,-1.84,-0.12,-2.55,-0.17
Kameron Johnson,TB,WR,16,2025,646.0,-1.84,-0.12,-2.59,-0.16
Durham Smythe,CHI,TE,16,2025,647.0,-1.86,-0.12,-2.91,-0.18
Konata Mumpfield,LAR,WR,16,2025,648.0,-1.86,-0.12,-2.57,-0.16
Payne Durham,TB,TE,16,2025,649.0,-1.89,-0.12,-2.95,-0.18
Kylen Granson,PHI,TE,16,2025,650.0,-1.89,-0.12,-2.95,-0.18
Chris Manhertz,NYG,TE,16,2025,651.0,-1.9,-0.12,-2.96,-0.18
Charlie Jones,CIN,WR,14,2025,652.0,-1.9,-0.14,-2.6,-0.19
Arian Smith,NYJ,WR,15,2025,653.0,-1.92,-0.13,-2.63,-0.18
Skyy Moore,SF,WR,16,2025,654.0,-1.99,-0.12,-2.72,-0.17
LaJohntay Wester,BAL,WR,15,2025,655.0,-2.07,-0.14,-2.84,-0.19
Devin Duvernay,CHI,WR,16,2025,656.0,-2.12,-0.13,-2.91,-0.18
Myles Price,MIN,WR,16,2025,657.0,-2.27,-0.14,-3.12,-0.19
