player,team,position,games,year,rank,WAR,WAR/G,Superflex WAR,Superflex WAR/G,Flex WAR,Flex WAR/G
Christian McCaffrey,SF,RB,16,2025,1.0,6.75,0.42,5.63,0.35,5.34,0.33
Bijan Robinson,ATL,RB,16,2025,2.0,5.7,0.36,4.6,0.29,4.35,0.27
Jonathan Taylor,IND,RB,16,2025,3.0,5.27,0.33,4.15,0.26,3.91,0.24
Jahmyr Gibbs,DET,RB,16,2025,4.0,4.93,0.31,3.78,0.24,3.54,0.22
De'Von Achane,MIA,RB,16,2025,5.0,4.79,0.3,3.93,0.25,3.79,0.24
Puka Nacua,LAR,WR,15,2025,6.0,4.57,0.3,4.43,0.3,4.2,0.28
Jaxon Smith-Njigba,SEA,WR,16,2025,7.0,4.46,0.28,4.49,0.28,4.29,0.27
James Cook III,BUF,RB,16,2025,8.0,4.39,0.27,3.44,0.22,3.28,0.2
Trey McBride,ARI,TE,16,2025,9.0,3.97,0.25,3.42,0.21,3.26,0.2
Josh Allen,BUF,QB,16,2025,10.0,3.45,0.22,4.57,0.29,,
Chase Brown,CIN,RB,16,2025,11.0,3.42,0.21,2.54,0.16,2.42,0.15
Derrick Henry,BAL,RB,16,2025,12.0,3.41,0.21,2.45,0.15,2.31,0.14
Ja'Marr Chase,CIN,WR,15,2025,13.0,3.35,0.22,3.26,0.22,3.06,0.2
Amon-Ra St. Brown,DET,WR,16,2025,14.0,3.26,0.2,3.17,0.2,2.98,0.19
Kyren Williams,LAR,RB,16,2025,15.0,3.2,0.2,2.38,0.15,2.29,0.14
Travis Etienne Jr.,JAC,RB,16,2025,16.0,3.14,0.2,2.31,0.14,2.21,0.14
Josh Jacobs,GB,RB,15,2025,17.0,3.08,0.21,2.19,0.15,2.06,0.14
George Pickens,DAL,WR,16,2025,18.0,3.06,0.19,3.06,0.19,2.9,0.18
Javonte Williams,DAL,RB,16,2025,19.0,2.99,0.19,2.17,0.14,2.09,0.13
Ashton Jeanty,LV,RB,16,2025,20.0,2.74,0.17,1.79,0.11,1.66,0.1
D'Andre Swift,CHI,RB,15,2025,21.0,2.72,0.18,1.94,0.13,1.85,0.12
Drake Maye,NE,QB,16,2025,22.0,2.7,0.17,4.27,0.27,,
Saquon Barkley,PHI,RB,16,2025,23.0,2.68,0.17,1.82,0.11,1.73,0.11
Matthew Stafford,LAR,QB,16,2025,24.0,2.6,0.16,4.03,0.25,,
Chris Olave,NO,WR,16,2025,25.0,2.6,0.16,2.7,0.17,2.58,0.16
Rico Dowdle,CAR,RB,16,2025,26.0,2.3,0.14,1.28,0.08,1.14,0.07
Patrick Mahomes II,KC,QB,14,2025,27.0,2.29,0.16,3.44,0.25,,
Trevor Lawrence,JAC,QB,16,2025,28.0,2.24,0.14,3.59,0.22,,
Dak Prescott,DAL,QB,16,2025,29.0,2.24,0.14,3.66,0.23,,
Jaylen Warren,PIT,RB,15,2025,30.0,2.17,0.14,1.39,0.09,1.32,0.09
RJ Harvey,DEN,RB,16,2025,31.0,2.14,0.13,1.21,0.08,1.1,0.07
Jalen Hurts,PHI,QB,16,2025,32.0,2.1,0.13,3.5,0.22,,
Breece Hall,NYJ,RB,16,2025,33.0,2.1,0.13,1.2,0.08,1.11,0.07
Kenneth Gainwell,PIT,RB,16,2025,34.0,2.09,0.13,1.06,0.07,0.91,0.06
Davante Adams,LAR,WR,14,2025,35.0,2.03,0.15,2.15,0.15,2.06,0.15
Caleb Williams,CHI,QB,16,2025,36.0,1.87,0.12,3.31,0.21,,
Nico Collins,HOU,WR,15,2025,37.0,1.82,0.12,1.96,0.13,1.88,0.13
TreVeyon Henderson,NE,RB,16,2025,38.0,1.81,0.11,0.75,0.05,0.6,0.04
A.J. Brown,PHI,WR,15,2025,39.0,1.8,0.12,1.76,0.12,1.62,0.11
Drake London,ATL,WR,11,2025,40.0,1.77,0.16,1.65,0.15,1.52,0.14
George Kittle,SF,TE,10,2025,41.0,1.75,0.17,1.42,0.14,1.34,0.13
Justin Herbert,LAC,QB,16,2025,42.0,1.73,0.11,3.1,0.19,,
CeeDee Lamb,DAL,WR,13,2025,43.0,1.73,0.13,1.87,0.14,1.8,0.14
Bo Nix,DEN,QB,16,2025,44.0,1.71,0.11,3.11,0.19,,
Omarion Hampton,LAC,RB,9,2025,45.0,1.7,0.19,1.19,0.13,1.12,0.12
Rashee Rice,KC,WR,8,2025,46.0,1.66,0.21,1.7,0.21,1.62,0.2
Jared Goff,DET,QB,16,2025,47.0,1.65,0.1,3.05,0.19,,
Cam Skattebo,NYG,RB,8,2025,48.0,1.61,0.2,1.15,0.14,1.09,0.14
Quinshon Judkins,CLE,RB,14,2025,49.0,1.6,0.11,0.81,0.06,0.74,0.05
Brock Bowers,LV,TE,12,2025,50.0,1.6,0.13,1.19,0.1,1.11,0.09
Wan'Dale Robinson,NYG,WR,16,2025,51.0,1.49,0.09,1.5,0.09,1.39,0.09
Brock Purdy,SF,QB,8,2025,52.0,1.48,0.19,2.1,0.26,,
Dallas Goedert,PHI,TE,15,2025,53.0,1.48,0.1,0.99,0.07,0.9,0.06
Courtland Sutton,DEN,WR,16,2025,54.0,1.48,0.09,1.56,0.1,1.46,0.09
Bucky Irving,TB,RB,9,2025,55.0,1.47,0.16,1.01,0.11,0.97,0.11
Kenneth Walker III,SEA,RB,16,2025,56.0,1.45,0.09,0.51,0.03,0.42,0.03
Jaxson Dart,NYG,QB,13,2025,57.0,1.42,0.11,2.32,0.18,,
Tony Pollard,TEN,RB,16,2025,58.0,1.42,0.09,0.51,0.03,0.44,0.03
Jameson Williams,DET,WR,16,2025,59.0,1.4,0.09,1.34,0.08,1.19,0.07
Kyle Pitts Sr.,ATL,TE,16,2025,60.0,1.39,0.09,0.84,0.05,0.72,0.04
Zay Flowers,BAL,WR,16,2025,61.0,1.36,0.08,1.47,0.09,1.39,0.09
Travis Kelce,KC,TE,16,2025,62.0,1.33,0.08,0.83,0.05,0.75,0.05
Jake Ferguson,DAL,TE,16,2025,63.0,1.3,0.08,0.78,0.05,0.69,0.04
Zach Charbonnet,SEA,RB,15,2025,64.0,1.29,0.09,0.41,0.03,0.33,0.02
Tee Higgins,CIN,WR,14,2025,65.0,1.29,0.09,1.31,0.09,1.22,0.09
Harold Fannin Jr.,CLE,TE,16,2025,66.0,1.28,0.08,0.79,0.05,0.72,0.04
Daniel Jones,IND,QB,13,2025,67.0,1.24,0.1,2.44,0.19,,
Tucker Kraft,GB,TE,8,2025,68.0,1.18,0.15,0.9,0.11,0.83,0.1
Rhamondre Stevenson,NE,RB,13,2025,69.0,1.18,0.09,0.38,0.03,0.29,0.02
Tyler Warren,IND,TE,16,2025,70.0,1.16,0.07,0.68,0.04,0.62,0.04
Stefon Diggs,NE,WR,16,2025,71.0,1.15,0.07,1.21,0.08,1.12,0.07
Michael Wilson,ARI,WR,16,2025,72.0,1.12,0.07,0.94,0.06,0.78,0.05
Michael Pittman Jr.,IND,WR,16,2025,73.0,1.08,0.07,1.12,0.07,1.01,0.06
Tetairoa McMillan,CAR,WR,16,2025,74.0,1.05,0.07,1.1,0.07,1.01,0.06
Baker Mayfield,TB,QB,16,2025,75.0,1.02,0.06,2.51,0.16,,
Jacoby Brissett,ARI,QB,13,2025,76.0,1.02,0.08,2.16,0.17,,
J.K. Dobbins,DEN,RB,10,2025,77.0,1.01,0.1,0.49,0.05,0.46,0.05
David Montgomery,DET,RB,16,2025,78.0,0.98,0.06,-0.0,-0.0,-0.1,-0.01
Jaylen Waddle,MIA,WR,16,2025,79.0,0.98,0.06,1.03,0.06,0.94,0.06
Juwan Johnson,NO,TE,16,2025,80.0,0.97,0.06,0.49,0.03,0.42,0.03
DK Metcalf,PIT,WR,15,2025,81.0,0.97,0.06,1.06,0.07,0.99,0.07
Quentin Johnston,LAC,WR,14,2025,82.0,0.95,0.07,0.95,0.07,0.86,0.06
Lamar Jackson,BAL,QB,12,2025,83.0,0.94,0.08,1.81,0.15,,
Deebo Samuel Sr.,WAS,WR,15,2025,84.0,0.94,0.06,0.98,0.07,0.9,0.06
DeVonta Smith,PHI,WR,16,2025,85.0,0.94,0.06,0.92,0.06,0.82,0.05
Emeka Egbuka,TB,WR,16,2025,86.0,0.93,0.06,0.9,0.06,0.78,0.05
Kimani Vidal,LAC,RB,12,2025,87.0,0.88,0.07,0.09,0.01,-0.01,-0.0
Hunter Henry,NE,TE,16,2025,88.0,0.88,0.06,0.33,0.02,0.22,0.01
Christian Watson,GB,WR,10,2025,89.0,0.86,0.09,0.89,0.09,0.82,0.08
Dalton Schultz,HOU,TE,16,2025,90.0,0.84,0.05,0.33,0.02,0.25,0.02
Woody Marks,HOU,RB,15,2025,91.0,0.84,0.06,-0.12,-0.01,-0.23,-0.02
Garrett Wilson,NYJ,WR,7,2025,92.0,0.83,0.12,0.82,0.12,0.76,0.11
Tyrone Tracy Jr.,NYG,RB,14,2025,93.0,0.83,0.06,-0.03,-0.0,-0.12,-0.01
Jordan Love,GB,QB,15,2025,94.0,0.82,0.05,2.11,0.14,,
Rome Odunze,CHI,WR,12,2025,95.0,0.8,0.07,0.74,0.06,0.64,0.05
Sam LaPorta,DET,TE,9,2025,96.0,0.79,0.09,0.51,0.06,0.46,0.05
Aaron Jones Sr.,MIN,RB,12,2025,97.0,0.77,0.06,0.09,0.01,0.04,0.0
Jacory Croskey-Merritt,WAS,RB,16,2025,98.0,0.72,0.04,-0.36,-0.02,-0.5,-0.03
Kareem Hunt,KC,RB,16,2025,99.0,0.71,0.04,-0.3,-0.02,-0.4,-0.03
Kyle Monangai,CHI,RB,16,2025,100.0,0.71,0.04,-0.31,-0.02,-0.43,-0.03
Dalton Kincaid,BUF,TE,11,2025,101.0,0.71,0.06,0.35,0.03,0.28,0.03
Ladd McConkey,LAC,WR,16,2025,102.0,0.69,0.04,0.71,0.04,0.61,0.04
Jauan Jennings,SF,WR,14,2025,103.0,0.68,0.05,0.76,0.05,0.69,0.05
Justin Jefferson,MIN,WR,16,2025,104.0,0.67,0.04,0.74,0.05,0.67,0.04
Chuba Hubbard,CAR,RB,14,2025,105.0,0.62,0.04,-0.27,-0.02,-0.36,-0.03
Rachaad White,TB,RB,16,2025,106.0,0.61,0.04,-0.39,-0.02,-0.49,-0.03
Joe Burrow,CIN,QB,7,2025,107.0,0.55,0.08,1.1,0.16,,
Alvin Kamara,NO,RB,11,2025,108.0,0.55,0.05,-0.1,-0.01,-0.15,-0.01
Alec Pierce,IND,WR,14,2025,109.0,0.53,0.04,0.52,0.04,0.44,0.03
Justin Fields,NYJ,QB,9,2025,110.0,0.49,0.05,1.1,0.12,,
C.J. Stroud,HOU,QB,13,2025,111.0,0.48,0.04,1.6,0.12,,
Troy Franklin,DEN,WR,16,2025,112.0,0.48,0.03,0.42,0.03,0.31,0.02
Jayden Daniels,WAS,QB,7,2025,113.0,0.47,0.07,1.14,0.16,,
Zach Ertz,WAS,TE,13,2025,114.0,0.46,0.04,0.03,0.0,-0.05,-0.0
Sam Darnold,SEA,QB,16,2025,115.0,0.46,0.03,1.68,0.1,,
Tyjae Spears,TEN,RB,12,2025,116.0,0.45,0.04,-0.3,-0.03,-0.38,-0.03
Keenan Allen,LAC,WR,16,2025,117.0,0.45,0.03,0.42,0.03,0.32,0.02
Jakobi Meyers,JAC,WR,15,2025,118.0,0.44,0.03,0.53,0.04,0.48,0.03
Colston Loveland,CHI,TE,15,2025,119.0,0.44,0.03,-0.1,-0.01,-0.22,-0.01
Darren Waller,MIA,TE,9,2025,120.0,0.43,0.05,0.1,0.01,0.02,0.0
Malik Nabers,NYG,WR,4,2025,121.0,0.43,0.11,0.32,0.08,0.26,0.07
DJ Moore,CHI,WR,16,2025,122.0,0.4,0.02,0.31,0.02,0.19,0.01
Jordan Mason,MIN,RB,15,2025,123.0,0.4,0.03,-0.57,-0.04,-0.67,-0.04
Terry McLaurin,WAS,WR,9,2025,124.0,0.38,0.04,0.44,0.05,0.4,0.04
AJ Barner,SEA,TE,16,2025,125.0,0.37,0.02,-0.18,-0.01,-0.29,-0.02
Oronde Gadsden II,LAC,TE,14,2025,126.0,0.33,0.02,-0.17,-0.01,-0.28,-0.02
Parker Washington,JAC,WR,15,2025,127.0,0.33,0.02,0.27,0.02,0.16,0.01
Khalil Shakir,BUF,WR,16,2025,128.0,0.33,0.02,0.36,0.02,0.28,0.02
Marvin Harrison Jr.,ARI,WR,12,2025,129.0,0.32,0.03,0.3,0.03,0.23,0.02
Tyreek Hill,MIA,WR,4,2025,130.0,0.32,0.08,0.37,0.09,0.36,0.09
Bam Knight,ARI,RB,12,2025,131.0,0.3,0.03,-0.47,-0.04,-0.55,-0.05
Tyler Allgeier,ATL,RB,16,2025,132.0,0.29,0.02,-0.75,-0.05,-0.85,-0.05
Romeo Doubs,GB,WR,16,2025,133.0,0.29,0.02,0.23,0.01,0.13,0.01
Aaron Rodgers,PIT,QB,15,2025,134.0,0.29,0.02,1.55,0.1,,
Mike Evans,TB,WR,7,2025,135.0,0.28,0.04,0.32,0.05,0.29,0.04
Michael Carter,ARI,RB,12,2025,136.0,0.24,0.02,-0.53,-0.04,-0.6,-0.05
Brenton Strange,JAC,TE,11,2025,137.0,0.24,0.02,-0.11,-0.01,-0.16,-0.01
Blake Corum,LAR,RB,16,2025,138.0,0.22,0.01,-0.9,-0.06,-1.03,-0.06
Kyler Murray,ARI,QB,5,2025,139.0,0.21,0.04,0.74,0.15,,
Bryce Young,CAR,QB,15,2025,140.0,0.2,0.01,1.34,0.09,,
Jordan Addison,MIN,WR,13,2025,141.0,0.19,0.01,0.22,0.02,0.16,0.01
Jawhar Jordan,HOU,RB,3,2025,142.0,0.19,0.06,0.02,0.01,0.01,0.0
Tyler Shough,NO,QB,10,2025,143.0,0.18,0.02,0.98,0.1,,
Theo Johnson,NYG,TE,15,2025,144.0,0.16,0.01,-0.35,-0.02,-0.44,-0.03
James Conner,ARI,RB,4,2025,145.0,0.15,0.04,-0.1,-0.03,-0.13,-0.03
Brian Thomas Jr.,JAC,WR,13,2025,146.0,0.12,0.01,0.14,0.01,0.08,0.01
J.J. McCarthy,MIN,QB,9,2025,147.0,0.11,0.01,0.75,0.08,,
Malik Willis,GB,QB,4,2025,148.0,0.1,0.03,0.27,0.07,,
Michael Penix Jr.,ATL,QB,9,2025,149.0,0.09,0.01,0.78,0.09,,
Chris Godwin Jr.,TB,WR,8,2025,150.0,0.07,0.01,0.05,0.01,0.01,0.0
Justice Hill,BAL,RB,10,2025,151.0,0.06,0.01,-0.7,-0.07,-0.82,-0.08
Davis Mills,HOU,QB,5,2025,152.0,0.06,0.01,0.4,0.08,,
Tre Tucker,LV,WR,16,2025,153.0,0.05,0.0,-0.12,-0.01,-0.24,-0.02
Carson Wentz,MIN,QB,5,2025,154.0,0.04,0.01,0.5,0.1,,
Trey Benson,ARI,RB,5,2025,155.0,0.02,0.0,-0.3,-0.06,-0.33,-0.07
Kayshon Boutte,NE,WR,13,2025,156.0,0.02,0.0,-0.08,-0.01,-0.18,-0.01
Devin Neal,NO,RB,9,2025,157.0,0.01,0.0,-0.59,-0.07,-0.66,-0.07
Joe Flacco,CIN,QB,12,2025,158.0,0.01,0.0,0.67,0.06,,
Albert Okwuegbunam Jr.,LV,TE,1,2025,159.0,0.0,0.0,-0.03,-0.03,-0.03,-0.03
Jalen McMillan,TB,WR,3,2025,160.0,0.0,0.0,-0.01,-0.0,-0.04,-0.01
Colby Parkinson,LAR,TE,14,2025,161.0,0.0,0.0,-0.51,-0.04,-0.62,-0.04
Mark Andrews,BAL,TE,16,2025,162.0,-0.01,-0.0,-0.6,-0.04,-0.73,-0.05
Theo Wease Jr.,MIA,WR,2,2025,163.0,-0.02,-0.01,-0.02,-0.01,-0.02,-0.01
Miles Sanders,DAL,RB,4,2025,164.0,-0.03,-0.01,-0.29,-0.07,-0.31,-0.08
Isiah Pacheco,KC,RB,13,2025,165.0,-0.03,-0.0,-0.89,-0.07,-0.98,-0.08
Travis Hunter,JAC,WR,7,2025,166.0,-0.04,-0.01,-0.09,-0.01,-0.14,-0.02
Jameis Winston,NYG,QB,3,2025,167.0,-0.05,-0.02,0.13,0.04,,
Devin Singletary,NYG,RB,16,2025,168.0,-0.06,-0.0,-1.22,-0.08,-1.37,-0.09
Ricky Pearsall,SF,WR,10,2025,169.0,-0.06,-0.01,-0.12,-0.01,-0.19,-0.02
Mac Jones,SF,QB,11,2025,170.0,-0.06,-0.01,0.64,0.06,,
Brittain Brown,CHI,RB,2,2025,171.0,-0.06,-0.03,-0.21,-0.11,-0.23,-0.11
Chris Rodriguez Jr.,WAS,RB,12,2025,172.0,-0.07,-0.01,-0.88,-0.07,-0.97,-0.08
Jacardia Wright,SEA,RB,1,2025,173.0,-0.09,-0.09,-0.17,-0.17,-0.19,-0.19
Audric Estime,NO,RB,6,2025,174.0,-0.1,-0.02,-0.55,-0.09,-0.61,-0.1
Amar Johnson,LAC,RB,1,2025,175.0,-0.11,-0.11,-0.2,-0.2,-0.21,-0.21
Myles Gaskin,FA,RB,1,2025,176.0,-0.11,-0.11,-0.2,-0.2,-0.21,-0.21
Sal Cannella,CLE,TE,1,2025,177.0,-0.11,-0.11,-0.15,-0.15,-0.16,-0.16
Jared Wayne,HOU,WR,1,2025,178.0,-0.11,-0.11,-0.13,-0.13,-0.14,-0.14
Kendall Milton,CIN,RB,1,2025,179.0,-0.11,-0.11,-0.21,-0.21,-0.22,-0.22
Deion Hankins,CHI,RB,1,2025,180.0,-0.12,-0.12,-0.21,-0.21,-0.23,-0.23
Kye Robichaux,DET,RB,1,2025,180.0,-0.12,-0.12,-0.21,-0.21,-0.23,-0.23
Sincere McCormick,FA,RB,1,2025,180.0,-0.12,-0.12,-0.21,-0.21,-0.23,-0.23
Elijah Mitchell,NE,RB,1,2025,180.0,-0.12,-0.12,-0.21,-0.21,-0.23,-0.23
Keaontay Ingram,KC,RB,1,2025,180.0,-0.12,-0.12,-0.21,-0.21,-0.23,-0.23
Ulysses Bentley IV,IND,RB,1,2025,180.0,-0.12,-0.12,-0.21,-0.21,-0.23,-0.23
Chris Collier,LV,RB,1,2025,180.0,-0.12,-0.12,-0.21,-0.21,-0.23,-0.23
Jordan Mims,TEN,RB,1,2025,180.0,-0.12,-0.12,-0.21,-0.21,-0.23,-0.23
Jashaun Corbin,NE,RB,1,2025,180.0,-0.12,-0.12,-0.21,-0.21,-0.23,-0.23
Raheem Blackshear,FA,RB,1,2025,180.0,-0.12,-0.12,-0.21,-0.21,-0.23,-0.23
Michael Burton,DEN,RB,1,2025,180.0,-0.12,-0.12,-0.21,-0.21,-0.23,-0.23
Avery Williams,FA,RB,1,2025,180.0,-0.12,-0.12,-0.21,-0.21,-0.23,-0.23
Jeff Wilson Jr.,MIA,RB,1,2025,180.0,-0.12,-0.12,-0.21,-0.21,-0.23,-0.23
Xazavian Valladay,FA,RB,1,2025,180.0,-0.12,-0.12,-0.21,-0.21,-0.23,-0.23
Keilan Robinson,NYJ,RB,1,2025,180.0,-0.12,-0.12,-0.21,-0.21,-0.23,-0.23
Shedeur Sanders,CLE,QB,7,2025,195.0,-0.12,-0.02,0.24,0.03,,
Austin Ekeler,WAS,RB,3,2025,196.0,-0.14,-0.05,-0.36,-0.12,-0.39,-0.13
Luther Burden III,CHI,WR,14,2025,197.0,-0.14,-0.01,-0.3,-0.02,-0.42,-0.03
Philip Rivers,IND,QB,3,2025,198.0,-0.15,-0.05,0.07,0.02,,
Zach Davidson,NYG,TE,1,2025,199.0,-0.16,-0.16,-0.21,-0.21,-0.23,-0.23
Patrick Murtagh,DEN,TE,1,2025,199.0,-0.16,-0.16,-0.21,-0.21,-0.23,-0.23
Princeton Fant,DAL,TE,1,2025,199.0,-0.16,-0.16,-0.21,-0.21,-0.23,-0.23
Kenny Yeboah,FA,TE,1,2025,199.0,-0.16,-0.16,-0.21,-0.21,-0.23,-0.23
CJ Dippre,NE,TE,1,2025,199.0,-0.16,-0.16,-0.21,-0.21,-0.23,-0.23
Zach Horton,DET,TE,1,2025,199.0,-0.16,-0.16,-0.21,-0.21,-0.23,-0.23
Drake Dabney,GB,TE,1,2025,199.0,-0.16,-0.16,-0.21,-0.21,-0.23,-0.23
Nikola Kalinic,CHI,TE,1,2025,199.0,-0.16,-0.16,-0.21,-0.21,-0.23,-0.23
Tyler Ott,WAS,TE,1,2025,199.0,-0.16,-0.16,-0.21,-0.21,-0.23,-0.23
Andrew DePaola,MIN,TE,1,2025,199.0,-0.16,-0.16,-0.21,-0.21,-0.23,-0.23
Lawrence Cager,WAS,TE,1,2025,199.0,-0.16,-0.16,-0.21,-0.21,-0.23,-0.23
Malik Cunningham,DET,WR,1,2025,210.0,-0.16,-0.16,-0.21,-0.21,-0.22,-0.22
DJ Turner,LV,WR,1,2025,211.0,-0.16,-0.16,-0.21,-0.21,-0.23,-0.23
Jeremiah Webb,NE,WR,1,2025,211.0,-0.16,-0.16,-0.21,-0.21,-0.23,-0.23
Brandon Smith,NE,WR,1,2025,211.0,-0.16,-0.16,-0.21,-0.21,-0.23,-0.23
Dan Chisena,CAR,WR,1,2025,211.0,-0.16,-0.16,-0.21,-0.21,-0.23,-0.23
Ronnie Bell,NO,WR,1,2025,211.0,-0.16,-0.16,-0.21,-0.21,-0.23,-0.23
Maurice Alexander,CHI,WR,1,2025,211.0,-0.16,-0.16,-0.21,-0.21,-0.23,-0.23
Bryson Green,ARI,WR,1,2025,211.0,-0.16,-0.16,-0.21,-0.21,-0.23,-0.23
Cade McDonald,FA,WR,1,2025,211.0,-0.16,-0.16,-0.21,-0.21,-0.23,-0.23
River Cracraft,WAS,WR,1,2025,211.0,-0.16,-0.16,-0.21,-0.21,-0.23,-0.23
Ja'Corey Brooks,WAS,WR,1,2025,211.0,-0.16,-0.16,-0.21,-0.21,-0.23,-0.23
Jacob Cowing,SF,WR,1,2025,211.0,-0.16,-0.16,-0.21,-0.21,-0.23,-0.23
Chandler Brayboy,JAC,WR,1,2025,211.0,-0.16,-0.16,-0.21,-0.21,-0.23,-0.23
Parris Campbell,DAL,WR,1,2025,211.0,-0.16,-0.16,-0.21,-0.21,-0.23,-0.23
Kristian Wilkerson,FA,WR,1,2025,211.0,-0.16,-0.16,-0.21,-0.21,-0.23,-0.23
Russell Gage Jr.,FA,WR,1,2025,211.0,-0.16,-0.16,-0.21,-0.21,-0.23,-0.23
Jordan Moore,CIN,WR,1,2025,211.0,-0.16,-0.16,-0.21,-0.21,-0.23,-0.23
Clyde Edwards-Helaire,KC,RB,2,2025,227.0,-0.17,-0.09,-0.34,-0.17,-0.37,-0.18
Najee Harris,LAC,RB,3,2025,228.0,-0.17,-0.06,-0.4,-0.13,-0.43,-0.14
Dylan Sampson,CLE,RB,14,2025,229.0,-0.17,-0.01,-1.18,-0.08,-1.31,-0.09
Jayden Reed,GB,WR,6,2025,230.0,-0.19,-0.03,-0.21,-0.03,-0.24,-0.04
Sean Tucker,TB,RB,16,2025,231.0,-0.19,-0.01,-1.45,-0.09,-1.64,-0.1
Will Grier,DAL,QB,1,2025,232.0,-0.19,-0.19,-0.21,-0.21,,
Stetson Bennett IV,LAR,QB,1,2025,232.0,-0.19,-0.19,-0.21,-0.21,,
Brett Rypien,MIN,QB,1,2025,232.0,-0.19,-0.19,-0.21,-0.21,,
Jarrett Stidham,DEN,QB,1,2025,235.0,-0.2,-0.2,-0.21,-0.21,,
Adrian Martinez,SF,QB,1,2025,235.0,-0.2,-0.2,-0.21,-0.21,,
Chig Okonkwo,TEN,TE,16,2025,237.0,-0.2,-0.01,-0.74,-0.05,-0.84,-0.05
Ty Chandler,MIN,RB,2,2025,238.0,-0.2,-0.1,-0.38,-0.19,-0.4,-0.2
Clayton Tune,GB,QB,1,2025,239.0,-0.21,-0.21,-0.24,-0.24,,
Josh Williams,FA,RB,2,2025,240.0,-0.22,-0.11,-0.4,-0.2,-0.43,-0.22
Raheim Sanders,CLE,RB,4,2025,241.0,-0.22,-0.05,-0.52,-0.13,-0.56,-0.14
Braelon Allen,NYJ,RB,4,2025,242.0,-0.22,-0.06,-0.53,-0.13,-0.57,-0.14
Bhayshul Tuten,JAC,RB,14,2025,243.0,-0.23,-0.02,-1.22,-0.09,-1.34,-0.1
David Njoku,CLE,TE,12,2025,244.0,-0.23,-0.02,-0.66,-0.05,-0.74,-0.06
Alexander Mattison,MIA,RB,2,2025,245.0,-0.23,-0.12,-0.42,-0.21,-0.45,-0.23
Jordan James,SF,RB,2,2025,245.0,-0.23,-0.12,-0.42,-0.21,-0.45,-0.23
Gary Brightwell,CIN,RB,2,2025,245.0,-0.23,-0.12,-0.42,-0.21,-0.45,-0.23
Lew Nichols III,PIT,RB,2,2025,245.0,-0.23,-0.12,-0.42,-0.21,-0.45,-0.23
T.J. Hockenson,MIN,TE,15,2025,249.0,-0.23,-0.02,-0.74,-0.05,-0.83,-0.06
Tory Horton,SEA,WR,8,2025,250.0,-0.23,-0.03,-0.35,-0.04,-0.42,-0.05
Xavier Restrepo,TEN,WR,2,2025,251.0,-0.23,-0.12,-0.28,-0.14,-0.3,-0.15
Jake Browning,CIN,QB,5,2025,252.0,-0.24,-0.05,0.05,0.01,,
Nick Chubb,HOU,RB,15,2025,253.0,-0.24,-0.02,-1.29,-0.09,-1.4,-0.09
Justin Watson,HOU,WR,2,2025,254.0,-0.25,-0.12,-0.3,-0.15,-0.33,-0.16
Chris Oladokun,KC,QB,2,2025,255.0,-0.25,-0.12,-0.16,-0.08,,
Tyrod Taylor,NYJ,QB,6,2025,256.0,-0.25,-0.04,0.1,0.02,,
Quinn Ewers,MIA,QB,3,2025,257.0,-0.26,-0.09,-0.1,-0.03,,
Marquise Brown,KC,WR,15,2025,258.0,-0.26,-0.02,-0.34,-0.02,-0.44,-0.03
Jaret Patterson,LAC,RB,5,2025,259.0,-0.26,-0.05,-0.65,-0.13,-0.71,-0.14
Emanuel Wilson,GB,RB,16,2025,260.0,-0.26,-0.02,-1.49,-0.09,-1.67,-0.1
Kendre Miller,NO,RB,7,2025,261.0,-0.27,-0.04,-0.79,-0.11,-0.85,-0.12
Will Mallory,IND,TE,2,2025,262.0,-0.28,-0.14,-0.37,-0.19,-0.4,-0.2
Jacoby Jones,WAS,WR,2,2025,263.0,-0.28,-0.14,-0.35,-0.18,-0.38,-0.19
Corey Kiner,ARI,RB,3,2025,264.0,-0.28,-0.09,-0.55,-0.18,-0.59,-0.2
Nathan Carter,ATL,RB,3,2025,265.0,-0.29,-0.1,-0.56,-0.19,-0.6,-0.2
Bryce Oliver,TEN,WR,2,2025,266.0,-0.31,-0.15,-0.39,-0.19,-0.42,-0.21
Kirk Cousins,ATL,QB,9,2025,267.0,-0.31,-0.03,0.22,0.02,,
Antonio Gibson,NE,RB,5,2025,268.0,-0.31,-0.06,-0.7,-0.14,-0.76,-0.15
Thomas Fidone II,NYG,TE,2,2025,269.0,-0.32,-0.16,-0.42,-0.21,-0.45,-0.23
Stephen Carlson,CHI,TE,2,2025,269.0,-0.32,-0.16,-0.42,-0.21,-0.45,-0.23
Zach Wood,NO,TE,2,2025,269.0,-0.32,-0.16,-0.42,-0.21,-0.45,-0.23
Treyton Welch,NO,TE,2,2025,269.0,-0.32,-0.16,-0.42,-0.21,-0.45,-0.23
E.J. Jenkins,PHI,TE,2,2025,269.0,-0.32,-0.16,-0.42,-0.21,-0.45,-0.23
Cam Akers,SEA,RB,3,2025,274.0,-0.32,-0.11,-0.6,-0.2,-0.64,-0.21
Tua Tagovailoa,MIA,QB,14,2025,275.0,-0.32,-0.02,0.63,0.05,,
Spencer Rattler,NO,QB,9,2025,276.0,-0.33,-0.04,0.32,0.04,,
Ricky White III,SEA,WR,2,2025,277.0,-0.33,-0.16,-0.42,-0.21,-0.45,-0.23
Coleman Owen,IND,WR,2,2025,277.0,-0.33,-0.16,-0.42,-0.21,-0.45,-0.23
Steven Sims Jr.,ARI,WR,2,2025,277.0,-0.33,-0.16,-0.42,-0.21,-0.45,-0.23
Dalevon Campbell,LAC,WR,2,2025,277.0,-0.33,-0.16,-0.42,-0.21,-0.45,-0.23
Jackson Meeks,DET,WR,2,2025,277.0,-0.33,-0.16,-0.42,-0.21,-0.45,-0.23
Kaden Davis,CLE,WR,2,2025,277.0,-0.33,-0.16,-0.42,-0.21,-0.45,-0.23
Hunter Renfrow,CAR,WR,6,2025,283.0,-0.33,-0.05,-0.48,-0.08,-0.55,-0.09
Russell Wilson,NYG,QB,6,2025,284.0,-0.34,-0.06,-0.18,-0.03,,
Owen Wright,TB,RB,3,2025,285.0,-0.34,-0.11,-0.62,-0.21,-0.67,-0.22
Robbie Chosen,WAS,WR,3,2025,286.0,-0.34,-0.11,-0.42,-0.14,-0.45,-0.15
Eric Gray,NYG,RB,3,2025,287.0,-0.35,-0.12,-0.63,-0.21,-0.68,-0.23
Trey Sermon,PIT,RB,3,2025,287.0,-0.35,-0.12,-0.63,-0.21,-0.68,-0.23
Chase Edmonds,WAS,RB,3,2025,287.0,-0.35,-0.12,-0.63,-0.21,-0.68,-0.23
Jaydon Blue,DAL,RB,4,2025,290.0,-0.35,-0.09,-0.69,-0.17,-0.74,-0.18
Nyheim Miller-Hines,NO,RB,3,2025,291.0,-0.35,-0.12,-0.63,-0.21,-0.68,-0.23
Mecole Hardman Jr.,BUF,WR,2,2025,292.0,-0.35,-0.17,-0.45,-0.23,-0.49,-0.25
Josh Downs,IND,WR,15,2025,293.0,-0.35,-0.02,-0.4,-0.03,-0.48,-0.03
Rashid Shaheed,SEA,WR,17,2025,294.0,-0.35,-0.02,-0.44,-0.03,-0.54,-0.03
Zamir White,LV,RB,4,2025,295.0,-0.36,-0.09,-0.7,-0.17,-0.75,-0.19
Greg Dulcich,MIA,TE,9,2025,296.0,-0.36,-0.04,-0.69,-0.08,-0.76,-0.08
Geno Smith,LV,QB,15,2025,297.0,-0.36,-0.02,0.67,0.04,,
Jaylen Wright,MIA,RB,10,2025,298.0,-0.37,-0.04,-1.15,-0.11,-1.26,-0.13
Calvin Ridley,TEN,WR,7,2025,299.0,-0.37,-0.05,-0.46,-0.07,-0.52,-0.07
Keon Coleman,BUF,WR,12,2025,300.0,-0.38,-0.03,-0.51,-0.04,-0.6,-0.05
Marcus Mariota,WAS,QB,12,2025,301.0,-0.38,-0.03,0.32,0.03,,
Anthony Richardson Sr.,IND,QB,2,2025,302.0,-0.39,-0.19,-0.42,-0.21,,
Kedon Slovis,ARI,QB,2,2025,303.0,-0.39,-0.19,-0.42,-0.21,,
Mason Taylor,NYJ,TE,13,2025,304.0,-0.4,-0.03,-0.87,-0.07,-0.97,-0.07
Tyler Huntley,BAL,QB,5,2025,305.0,-0.41,-0.08,-0.15,-0.03,,
Dameon Pierce,KC,RB,4,2025,306.0,-0.43,-0.11,-0.79,-0.2,-0.85,-0.21
DeeJay Dallas,JAC,RB,4,2025,307.0,-0.43,-0.11,-0.8,-0.2,-0.86,-0.22
Samaje Perine,CIN,RB,14,2025,308.0,-0.43,-0.03,-1.47,-0.11,-1.6,-0.11
Jaleel McLaughlin,DEN,RB,7,2025,309.0,-0.43,-0.06,-0.98,-0.14,-1.06,-0.15
Terrell Jennings,NE,RB,6,2025,310.0,-0.44,-0.07,-0.94,-0.16,-1.02,-0.17
Tay Martin,FA,WR,3,2025,311.0,-0.44,-0.15,-0.55,-0.18,-0.59,-0.2
Khalil Herbert,NYJ,RB,4,2025,312.0,-0.45,-0.11,-0.82,-0.21,-0.89,-0.22
Shedrick Jackson,LV,WR,4,2025,313.0,-0.45,-0.11,-0.56,-0.14,-0.6,-0.15
Jalen Coker,CAR,WR,10,2025,314.0,-0.46,-0.05,-0.55,-0.06,-0.62,-0.06
Jared Wiley,KC,TE,3,2025,315.0,-0.46,-0.15,-0.6,-0.2,-0.65,-0.22
Michael Bandy,DEN,WR,4,2025,316.0,-0.46,-0.12,-0.57,-0.14,-0.62,-0.15
Malik Davis,DAL,RB,10,2025,317.0,-0.46,-0.05,-1.24,-0.12,-1.34,-0.13
Trayveon Williams,CLE,RB,6,2025,318.0,-0.47,-0.08,-0.97,-0.16,-1.05,-0.17
Tyler Higbee,LAR,TE,9,2025,319.0,-0.47,-0.05,-0.81,-0.09,-0.89,-0.1
Cade Otton,TB,TE,15,2025,320.0,-0.47,-0.03,-1.02,-0.07,-1.13,-0.08
Nick Vannett,LAR,TE,3,2025,321.0,-0.48,-0.16,-0.63,-0.21,-0.68,-0.23
Ko Kieft,TB,TE,3,2025,321.0,-0.48,-0.16,-0.63,-0.21,-0.68,-0.23
Giovanni Ricci,DET,TE,3,2025,321.0,-0.48,-0.16,-0.63,-0.21,-0.68,-0.23
James Winchester,KC,TE,3,2025,321.0,-0.48,-0.16,-0.63,-0.21,-0.68,-0.23
Matt Orzech,GB,TE,3,2025,321.0,-0.48,-0.16,-0.63,-0.21,-0.68,-0.23
Travis Vokolek,ARI,TE,3,2025,321.0,-0.48,-0.16,-0.63,-0.21,-0.68,-0.23
Noah Brown,WAS,WR,4,2025,327.0,-0.48,-0.12,-0.59,-0.15,-0.63,-0.16
Chris Blair,ATL,WR,3,2025,328.0,-0.49,-0.16,-0.63,-0.21,-0.68,-0.23
Malik Turner,SF,WR,3,2025,328.0,-0.49,-0.16,-0.63,-0.21,-0.68,-0.23
Xavier Worthy,KC,WR,14,2025,330.0,-0.5,-0.04,-0.57,-0.04,-0.65,-0.05
Pat Freiermuth,PIT,TE,16,2025,331.0,-0.5,-0.03,-1.12,-0.07,-1.27,-0.08
Ryan Flournoy,DAL,WR,14,2025,332.0,-0.51,-0.04,-0.72,-0.05,-0.85,-0.06
Evan Hull,NO,RB,5,2025,333.0,-0.51,-0.1,-0.95,-0.19,-1.03,-0.21
Braxton Berrios,HOU,WR,4,2025,334.0,-0.51,-0.13,-0.64,-0.16,-0.69,-0.17
Keaton Mitchell,BAL,RB,12,2025,335.0,-0.51,-0.04,-1.4,-0.12,-1.51,-0.13
Ty Johnson,BUF,RB,16,2025,336.0,-0.52,-0.03,-1.68,-0.11,-1.82,-0.11
Josh Reynolds,NYJ,WR,5,2025,337.0,-0.52,-0.1,-0.63,-0.13,-0.68,-0.14
Emari Demercado,ARI,RB,12,2025,338.0,-0.52,-0.04,-1.44,-0.12,-1.56,-0.13
Joe Milton III,DAL,QB,3,2025,339.0,-0.53,-0.18,-0.52,-0.17,,
Zavier Scott,MIN,RB,10,2025,340.0,-0.53,-0.05,-1.33,-0.13,-1.45,-0.14
Trey Lance,LAC,QB,3,2025,341.0,-0.54,-0.18,-0.53,-0.18,,
Isaiah Hodgins,NYG,WR,6,2025,342.0,-0.54,-0.09,-0.67,-0.11,-0.73,-0.12
James Mitchell,CAR,TE,4,2025,343.0,-0.54,-0.14,-0.73,-0.18,-0.79,-0.2
Shane Zylstra,DET,TE,4,2025,344.0,-0.55,-0.14,-0.74,-0.19,-0.8,-0.2
Tyson Bagent,CHI,QB,3,2025,345.0,-0.56,-0.19,-0.58,-0.19,,
D'Ernest Johnson,NE,RB,5,2025,346.0,-0.56,-0.11,-1.03,-0.21,-1.11,-0.22
Mitchell Trubisky,BUF,QB,3,2025,347.0,-0.57,-0.19,-0.59,-0.2,,
Tanner McKee,PHI,QB,3,2025,348.0,-0.57,-0.19,-0.6,-0.2,,
Kalel Mullings,TEN,RB,5,2025,349.0,-0.57,-0.11,-1.04,-0.21,-1.12,-0.22
Zach Wilson,MIA,QB,3,2025,350.0,-0.57,-0.19,-0.6,-0.2,,
Brady Cook,NYJ,QB,4,2025,351.0,-0.57,-0.14,-0.45,-0.11,,
Joshua Dobbs,NE,QB,3,2025,352.0,-0.57,-0.19,-0.61,-0.2,,
Logan Woodside,ARI,QB,3,2025,353.0,-0.58,-0.19,-0.63,-0.21,,
Lucas Krull,DEN,TE,4,2025,354.0,-0.58,-0.15,-0.78,-0.19,-0.84,-0.21
A.J. Dillon,PHI,RB,6,2025,355.0,-0.59,-0.1,-1.12,-0.19,-1.2,-0.2
Mack Hollins,NE,WR,15,2025,356.0,-0.59,-0.04,-0.71,-0.05,-0.8,-0.05
Cam Ward,TEN,QB,16,2025,357.0,-0.59,-0.04,0.59,0.04,,
Evan Engram,DEN,TE,15,2025,358.0,-0.6,-0.04,-1.14,-0.08,-1.25,-0.08
Gabe Davis,BUF,WR,5,2025,359.0,-0.6,-0.12,-0.74,-0.15,-0.79,-0.16
Mike Gesicki,CIN,TE,12,2025,360.0,-0.61,-0.05,-1.08,-0.09,-1.2,-0.1
Keleki Latu,BUF,TE,4,2025,361.0,-0.62,-0.15,-0.81,-0.2,-0.88,-0.22
Jayden Higgins,HOU,WR,16,2025,362.0,-0.62,-0.04,-0.76,-0.05,-0.87,-0.05
David Moore,CAR,WR,4,2025,363.0,-0.62,-0.16,-0.79,-0.2,-0.85,-0.21
Michael Mayer,LV,TE,12,2025,364.0,-0.62,-0.05,-1.1,-0.09,-1.21,-0.1
Tim Jones,JAC,WR,4,2025,365.0,-0.63,-0.16,-0.79,-0.2,-0.86,-0.21
Ronnie Rivers,LAR,RB,6,2025,366.0,-0.63,-0.1,-1.17,-0.2,-1.26,-0.21
Hayden Rucci,MIA,TE,4,2025,367.0,-0.64,-0.16,-0.84,-0.21,-0.91,-0.23
Jake Tonges,SF,TE,16,2025,368.0,-0.64,-0.04,-1.28,-0.08,-1.44,-0.09
Velus Jones Jr.,SEA,RB,6,2025,369.0,-0.65,-0.11,-1.2,-0.2,-1.29,-0.22
Jalen Cropper,DAL,WR,4,2025,370.0,-0.66,-0.16,-0.84,-0.21,-0.91,-0.23
Jordan Clark,NYJ,WR,4,2025,370.0,-0.66,-0.16,-0.84,-0.21,-0.91,-0.23
Quinton Bell,MIA,WR,4,2025,370.0,-0.66,-0.16,-0.84,-0.21,-0.91,-0.23
Riley Leonard,IND,QB,4,2025,373.0,-0.66,-0.17,-0.65,-0.16,,
Isaiah Davis,NYJ,RB,16,2025,374.0,-0.67,-0.04,-1.9,-0.12,-2.07,-0.13
Roschon Johnson,CHI,RB,6,2025,375.0,-0.67,-0.11,-1.23,-0.2,-1.33,-0.22
Josh Johnson,WAS,QB,4,2025,376.0,-0.67,-0.17,-0.65,-0.16,,
Curtis Samuel,BUF,WR,6,2025,377.0,-0.67,-0.11,-0.83,-0.14,-0.9,-0.15
Luke McCaffrey,WAS,WR,9,2025,378.0,-0.67,-0.07,-0.83,-0.09,-0.91,-0.1
Cooper Kupp,SEA,WR,15,2025,379.0,-0.68,-0.05,-0.78,-0.05,-0.87,-0.06
Andy Dalton,CAR,QB,4,2025,380.0,-0.68,-0.17,-0.65,-0.16,,
Craig Reynolds,NE,RB,6,2025,381.0,-0.69,-0.11,-1.25,-0.21,-1.35,-0.23
Jerry Jeudy,CLE,WR,16,2025,382.0,-0.7,-0.04,-0.85,-0.05,-0.97,-0.06
Tom Kennedy,DET,WR,5,2025,383.0,-0.71,-0.14,-0.89,-0.18,-0.96,-0.19
Greg Dortch,ARI,WR,12,2025,384.0,-0.71,-0.06,-0.9,-0.07,-1.0,-0.08
Elic Ayomanor,TEN,WR,15,2025,385.0,-0.71,-0.05,-0.84,-0.06,-0.93,-0.06
Tip Reiman,ARI,TE,5,2025,386.0,-0.72,-0.14,-0.96,-0.19,-1.04,-0.21
Kevin Austin Jr.,NO,WR,7,2025,387.0,-0.72,-0.1,-0.92,-0.13,-1.0,-0.14
Jeremy McNichols,WAS,RB,16,2025,388.0,-0.73,-0.05,-1.95,-0.12,-2.11,-0.13
Jalen Brooks,ARI,WR,5,2025,389.0,-0.74,-0.15,-0.93,-0.19,-1.0,-0.2
Moliki Matavao,NO,TE,5,2025,390.0,-0.75,-0.15,-0.99,-0.2,-1.07,-0.21
Jahdae Walker,CHI,WR,6,2025,391.0,-0.75,-0.13,-0.94,-0.16,-1.02,-0.17
Teddy Bridgewater,TB,QB,4,2025,392.0,-0.75,-0.19,-0.79,-0.2,,
Darius Slayton,NYG,WR,13,2025,393.0,-0.76,-0.06,-0.88,-0.07,-0.96,-0.07
Cam Grandy,CIN,TE,5,2025,394.0,-0.76,-0.15,-1.0,-0.2,-1.08,-0.22
Chimere Dike,TEN,WR,16,2025,395.0,-0.76,-0.05,-0.97,-0.06,-1.11,-0.07
Anthony Firkser,DET,TE,6,2025,396.0,-0.76,-0.13,-1.04,-0.17,-1.12,-0.19
Cooper Rush,BAL,QB,4,2025,397.0,-0.76,-0.19,-0.81,-0.2,,
Jordan Watkins,SF,WR,5,2025,398.0,-0.76,-0.15,-0.96,-0.19,-1.04,-0.21
Treylon Burks,WAS,WR,7,2025,399.0,-0.77,-0.11,-0.95,-0.14,-1.02,-0.15
Jonathan Mingo,DAL,WR,5,2025,400.0,-0.78,-0.16,-0.98,-0.2,-1.06,-0.21
Jelani Woods,NYJ,TE,5,2025,401.0,-0.78,-0.16,-1.02,-0.2,-1.11,-0.22
Gardner Minshew II,KC,QB,4,2025,402.0,-0.78,-0.19,-0.84,-0.21,,
Kyle Allen,DET,QB,4,2025,403.0,-0.78,-0.2,-0.85,-0.21,,
Nick Mullens,JAC,QB,4,2025,404.0,-0.78,-0.2,-0.85,-0.21,,
Jimmy Garoppolo,LAR,QB,4,2025,405.0,-0.78,-0.2,-0.85,-0.21,,
Ray-Ray McCloud III,FA,WR,6,2025,406.0,-0.79,-0.13,-0.98,-0.16,-1.06,-0.18
Andre Baccellia,ARI,WR,5,2025,407.0,-0.79,-0.16,-1.0,-0.2,-1.08,-0.22
Jalen Milroe,SEA,QB,4,2025,408.0,-0.79,-0.2,-0.87,-0.22,,
Mason Rudolph,PIT,QB,5,2025,409.0,-0.79,-0.16,-0.73,-0.15,,
Marcedes Lewis,DEN,TE,5,2025,410.0,-0.8,-0.16,-1.05,-0.21,-1.13,-0.23
Justin Shorter,LV,TE,5,2025,410.0,-0.8,-0.16,-1.05,-0.21,-1.13,-0.23
Mitchell Fraboni,DEN,TE,5,2025,410.0,-0.8,-0.16,-1.05,-0.21,-1.13,-0.23
Noah Fant,CIN,TE,14,2025,413.0,-0.8,-0.06,-1.34,-0.1,-1.46,-0.1
Sione Vaki,DET,RB,7,2025,414.0,-0.8,-0.11,-1.46,-0.21,-1.58,-0.23
Jakob Johnson,HOU,RB,7,2025,415.0,-0.81,-0.12,-1.47,-0.21,-1.59,-0.23
Travis Homer,CHI,RB,7,2025,416.0,-0.81,-0.12,-1.47,-0.21,-1.59,-0.23
Dawson Knox,BUF,TE,16,2025,417.0,-0.81,-0.05,-1.43,-0.09,-1.57,-0.1
Jerome Ford,CLE,RB,13,2025,418.0,-0.82,-0.06,-1.85,-0.14,-1.99,-0.15
Tahj Washington,MIA,WR,5,2025,419.0,-0.82,-0.16,-1.05,-0.21,-1.13,-0.23
DeAndre Carter,CLE,WR,5,2025,420.0,-0.82,-0.16,-1.05,-0.21,-1.13,-0.23
Dalen Cambre,NYG,WR,5,2025,420.0,-0.82,-0.16,-1.05,-0.21,-1.13,-0.23
Britain Covey,PHI,WR,5,2025,420.0,-0.82,-0.16,-1.05,-0.21,-1.13,-0.23
Jason Brownlee,KC,WR,5,2025,420.0,-0.82,-0.16,-1.05,-0.21,-1.13,-0.23
DJ Giddens,IND,RB,8,2025,424.0,-0.83,-0.1,-1.56,-0.19,-1.68,-0.21
Xavier Legette,CAR,WR,14,2025,425.0,-0.83,-0.06,-1.12,-0.08,-1.27,-0.09
Zay Jones,ARI,WR,8,2025,426.0,-0.84,-0.1,-1.04,-0.13,-1.13,-0.14
Gunnar Helm,TEN,TE,16,2025,427.0,-0.85,-0.05,-1.45,-0.09,-1.57,-0.1
Hunter Long,JAC,TE,9,2025,428.0,-0.85,-0.09,-1.23,-0.14,-1.32,-0.15
Sterling Shepard,TB,WR,13,2025,429.0,-0.87,-0.07,-1.01,-0.08,-1.1,-0.08
Kenny Pickett,LV,QB,5,2025,430.0,-0.87,-0.17,-0.86,-0.17,,
Kendrick Bourne,SF,WR,15,2025,431.0,-0.88,-0.06,-1.17,-0.08,-1.32,-0.09
Austin Trammell,JAC,WR,6,2025,432.0,-0.88,-0.15,-1.11,-0.19,-1.2,-0.2
Brian Robinson Jr.,SF,RB,16,2025,433.0,-0.88,-0.06,-2.12,-0.13,-2.28,-0.14
Josh Whyle,GB,TE,7,2025,434.0,-0.89,-0.13,-1.21,-0.17,-1.3,-0.19
Tez Johnson,TB,WR,15,2025,435.0,-0.9,-0.06,-1.17,-0.08,-1.32,-0.09
Deven Thompkins,ATL,WR,6,2025,436.0,-0.9,-0.15,-1.14,-0.19,-1.23,-0.2
Ameer Abdullah,IND,RB,12,2025,437.0,-0.91,-0.08,-1.9,-0.16,-2.04,-0.17
George Holani,SEA,RB,10,2025,438.0,-0.92,-0.09,-1.8,-0.18,-1.94,-0.19
Isaac Guerendo,SF,RB,8,2025,439.0,-0.92,-0.12,-1.68,-0.21,-1.81,-0.23
Pharaoh Brown,ARI,TE,6,2025,440.0,-0.93,-0.15,-1.22,-0.2,-1.32,-0.22
Lil'Jordan Humphrey,DEN,WR,9,2025,441.0,-0.93,-0.1,-1.16,-0.13,-1.25,-0.14
Casey Washington,ATL,WR,7,2025,442.0,-0.94,-0.13,-1.17,-0.17,-1.26,-0.18
Brashard Smith,KC,RB,16,2025,443.0,-0.94,-0.06,-2.21,-0.14,-2.39,-0.15
Efton Chism III,NE,WR,7,2025,444.0,-0.94,-0.13,-1.2,-0.17,-1.3,-0.19
Adonai Mitchell,NYJ,WR,15,2025,445.0,-0.94,-0.06,-1.25,-0.08,-1.41,-0.09
Tyquan Thornton,KC,WR,14,2025,446.0,-0.95,-0.07,-1.19,-0.08,-1.31,-0.09
Raheem Mostert,LV,RB,12,2025,447.0,-0.95,-0.08,-1.95,-0.16,-2.1,-0.17
Brayden Willis,SF,TE,6,2025,448.0,-0.96,-0.16,-1.26,-0.21,-1.36,-0.23
Dillon Gabriel,CLE,QB,10,2025,449.0,-0.96,-0.1,-0.55,-0.05,,
Will Dissly,LAC,TE,8,2025,450.0,-0.96,-0.12,-1.31,-0.16,-1.41,-0.18
KaVontae Turpin,DAL,WR,14,2025,451.0,-0.97,-0.07,-1.17,-0.08,-1.28,-0.09
Ollie Gordon II,MIA,RB,16,2025,452.0,-0.97,-0.06,-2.26,-0.14,-2.45,-0.15
Nate Adkins,DEN,TE,8,2025,453.0,-0.97,-0.12,-1.33,-0.17,-1.44,-0.18
Cade Stover,HOU,TE,8,2025,454.0,-0.97,-0.12,-1.33,-0.17,-1.43,-0.18
Drew Lock,SEA,QB,5,2025,455.0,-0.97,-0.19,-1.05,-0.21,,
Calvin Austin III,PIT,WR,13,2025,456.0,-0.97,-0.07,-1.2,-0.09,-1.32,-0.1
Jalen Royals,KC,WR,6,2025,457.0,-0.99,-0.16,-1.26,-0.21,-1.36,-0.23
Tutu Atwell,LAR,WR,9,2025,458.0,-0.99,-0.11,-1.27,-0.14,-1.38,-0.15
Kene Nwangwu,NYJ,RB,9,2025,459.0,-1.0,-0.11,-1.83,-0.2,-1.98,-0.22
Xavier Gipson,NYG,WR,6,2025,460.0,-1.0,-0.17,-1.28,-0.21,-1.38,-0.23
Devaughn Vele,NO,WR,13,2025,461.0,-1.0,-0.08,-1.3,-0.1,-1.44,-0.11
Jonnu Smith,PIT,TE,16,2025,462.0,-1.0,-0.06,-1.62,-0.1,-1.75,-0.11
Kyle Juszczyk,SF,RB,16,2025,463.0,-1.0,-0.06,-2.26,-0.14,-2.43,-0.15
Isaiah Likely,BAL,TE,13,2025,464.0,-1.02,-0.08,-1.55,-0.12,-1.68,-0.13
Dante Pettis,NO,WR,7,2025,465.0,-1.03,-0.15,-1.3,-0.19,-1.4,-0.2
Dontayvion Wicks,GB,WR,14,2025,466.0,-1.03,-0.07,-1.36,-0.1,-1.52,-0.11
C.J. Ham,MIN,RB,10,2025,467.0,-1.04,-0.1,-1.94,-0.19,-2.1,-0.21
Kaleb Johnson,PIT,RB,10,2025,468.0,-1.04,-0.1,-1.94,-0.19,-2.09,-0.21
Jalen Nailor,MIN,WR,16,2025,469.0,-1.06,-0.07,-1.4,-0.09,-1.56,-0.1
Stone Smartt,NYJ,TE,8,2025,470.0,-1.06,-0.13,-1.43,-0.18,-1.54,-0.19
Tanner Hudson,CIN,TE,12,2025,471.0,-1.06,-0.09,-1.55,-0.13,-1.67,-0.14
Joshua Palmer,BUF,WR,11,2025,472.0,-1.06,-0.1,-1.28,-0.12,-1.37,-0.12
Elijah Moore,DEN,WR,9,2025,473.0,-1.06,-0.12,-1.31,-0.15,-1.41,-0.16
Christian Kirk,HOU,WR,12,2025,474.0,-1.06,-0.09,-1.31,-0.11,-1.43,-0.12
Marvin Mims Jr.,DEN,WR,15,2025,475.0,-1.06,-0.07,-1.35,-0.09,-1.49,-0.1
Terrance Ferguson,LAR,TE,13,2025,476.0,-1.07,-0.08,-1.61,-0.12,-1.75,-0.13
Matthew Golden,GB,WR,13,2025,477.0,-1.07,-0.08,-1.3,-0.1,-1.41,-0.11
Cedric Tillman,CLE,WR,12,2025,478.0,-1.07,-0.09,-1.33,-0.11,-1.44,-0.12
Cole Kmet,CHI,TE,15,2025,479.0,-1.07,-0.07,-1.66,-0.11,-1.79,-0.12
Brock Wright,DET,TE,11,2025,480.0,-1.08,-0.1,-1.54,-0.14,-1.67,-0.15
Ja'Tavion Sanders,CAR,TE,13,2025,481.0,-1.09,-0.08,-1.62,-0.12,-1.75,-0.13
Tyler Goodson,IND,RB,10,2025,482.0,-1.09,-0.11,-2.01,-0.2,-2.17,-0.22
Darnell Mooney,ATL,WR,14,2025,483.0,-1.11,-0.08,-1.34,-0.1,-1.45,-0.1
Olamide Zaccheaus,CHI,WR,15,2025,484.0,-1.12,-0.07,-1.36,-0.09,-1.49,-0.1
Max Brosmer,MIN,QB,6,2025,485.0,-1.13,-0.19,-1.18,-0.2,,
Malik Washington,MIA,WR,16,2025,486.0,-1.13,-0.07,-1.31,-0.08,-1.42,-0.09
Xavier Weaver,ARI,WR,8,2025,487.0,-1.13,-0.14,-1.42,-0.18,-1.53,-0.19
Tanner Conner,NYG,TE,9,2025,488.0,-1.14,-0.13,-1.55,-0.17,-1.66,-0.18
Marquez Valdes-Scantling,PIT,WR,9,2025,489.0,-1.14,-0.13,-1.42,-0.16,-1.53,-0.17
DeMario Douglas,NE,WR,16,2025,490.0,-1.14,-0.07,-1.43,-0.09,-1.58,-0.1
Simi Fehoko,ARI,WR,7,2025,491.0,-1.15,-0.16,-1.47,-0.21,-1.59,-0.23
Tank Bigsby,PHI,RB,15,2025,492.0,-1.15,-0.08,-2.41,-0.16,-2.6,-0.17
Brenden Bates,CLE,TE,8,2025,493.0,-1.16,-0.14,-1.54,-0.19,-1.66,-0.21
James Proche II,TEN,WR,8,2025,494.0,-1.16,-0.14,-1.46,-0.18,-1.58,-0.2
Dylan Drummond,ATL,WR,8,2025,495.0,-1.16,-0.15,-1.46,-0.18,-1.58,-0.2
Tyler Conklin,LAC,TE,9,2025,496.0,-1.17,-0.13,-1.58,-0.18,-1.7,-0.19
Cody White,SEA,WR,9,2025,497.0,-1.18,-0.13,-1.5,-0.17,-1.63,-0.18
Jalin Hyatt,NYG,WR,8,2025,498.0,-1.2,-0.15,-1.52,-0.19,-1.63,-0.2
Andrei Iosivas,CIN,WR,16,2025,499.0,-1.2,-0.08,-1.49,-0.09,-1.64,-0.1
Jamari Thrash,CLE,WR,9,2025,500.0,-1.21,-0.13,-1.5,-0.17,-1.61,-0.18
Devontez Walker,BAL,WR,10,2025,501.0,-1.21,-0.12,-1.55,-0.16,-1.69,-0.17
Zaire Mitchell-Paden,NO,TE,8,2025,502.0,-1.22,-0.15,-1.61,-0.2,-1.74,-0.22
Dareke Young,SEA,WR,8,2025,503.0,-1.22,-0.15,-1.55,-0.19,-1.67,-0.21
Ben Sims,MIN,TE,8,2025,504.0,-1.23,-0.15,-1.62,-0.2,-1.75,-0.22
Rasheen Ali,BAL,RB,14,2025,505.0,-1.24,-0.09,-2.45,-0.18,-2.65,-0.19
Pat Bryant,DEN,WR,14,2025,506.0,-1.24,-0.09,-1.52,-0.11,-1.65,-0.12
Hassan Haskins,LAC,RB,12,2025,507.0,-1.25,-0.1,-2.34,-0.19,-2.52,-0.21
Darnell Washington,PIT,TE,16,2025,508.0,-1.26,-0.08,-1.89,-0.12,-2.04,-0.13
Jacob Saylors,DET,RB,11,2025,509.0,-1.26,-0.11,-2.29,-0.21,-2.47,-0.22
Xavier Hutchinson,HOU,WR,16,2025,510.0,-1.26,-0.08,-1.57,-0.1,-1.72,-0.11
Patrick Ricard,BAL,RB,11,2025,511.0,-1.27,-0.12,-2.3,-0.21,-2.49,-0.23
Robbie Ouzts,SEA,RB,11,2025,512.0,-1.27,-0.12,-2.31,-0.21,-2.49,-0.23
Josh Oliver,MIN,TE,14,2025,513.0,-1.27,-0.09,-1.87,-0.13,-2.04,-0.15
Jalen Tolbert,DAL,WR,12,2025,514.0,-1.29,-0.11,-1.59,-0.13,-1.73,-0.14
Rashod Bateman,BAL,WR,13,2025,515.0,-1.29,-0.1,-1.61,-0.12,-1.75,-0.13
Tyler Badie,DEN,RB,15,2025,516.0,-1.3,-0.09,-2.57,-0.17,-2.76,-0.18
Tahj Brooks,CIN,RB,12,2025,517.0,-1.3,-0.11,-2.4,-0.2,-2.59,-0.22
KeAndre Lambert-Smith,LAC,WR,9,2025,518.0,-1.31,-0.15,-1.65,-0.18,-1.78,-0.2
Dominic Lovett,DET,WR,8,2025,519.0,-1.31,-0.16,-1.68,-0.21,-1.81,-0.23
Laquon Treadwell,IND,WR,8,2025,519.0,-1.31,-0.16,-1.68,-0.21,-1.81,-0.23
Hunter Luepke,DAL,RB,16,2025,521.0,-1.32,-0.08,-2.67,-0.17,-2.88,-0.18
Allen Lazard,FA,WR,10,2025,522.0,-1.32,-0.13,-1.65,-0.16,-1.78,-0.18
Ray Davis,BUF,RB,16,2025,523.0,-1.35,-0.08,-2.71,-0.17,-2.92,-0.18
John Metchie III,NYJ,WR,15,2025,524.0,-1.36,-0.09,-1.71,-0.11,-1.88,-0.13
Tyler Johnson,NYJ,WR,12,2025,525.0,-1.36,-0.11,-1.72,-0.14,-1.86,-0.16
Cedrick Wilson Jr.,MIA,WR,9,2025,526.0,-1.36,-0.15,-1.72,-0.19,-1.85,-0.21
Austin Hooper,NE,TE,15,2025,527.0,-1.36,-0.09,-1.98,-0.13,-2.13,-0.14
British Brooks,HOU,RB,12,2025,528.0,-1.37,-0.11,-2.49,-0.21,-2.69,-0.22
Mason Kinsey,TEN,WR,9,2025,529.0,-1.39,-0.15,-1.76,-0.2,-1.9,-0.21
Isaac TeSlaa,DET,WR,16,2025,530.0,-1.4,-0.09,-1.76,-0.11,-1.93,-0.12
Demarcus Robinson,SF,WR,13,2025,531.0,-1.4,-0.11,-1.71,-0.13,-1.84,-0.14
Taysom Hill,NO,TE,12,2025,532.0,-1.41,-0.12,-1.94,-0.16,-2.09,-0.17
Will Shipley,PHI,RB,14,2025,533.0,-1.42,-0.1,-2.67,-0.19,-2.88,-0.21
Elijah Arroyo,SEA,TE,13,2025,534.0,-1.42,-0.11,-1.98,-0.15,-2.14,-0.16
Beaux Collins,NYG,WR,9,2025,535.0,-1.42,-0.16,-1.81,-0.2,-1.95,-0.22
Nick Kallerup,SEA,TE,9,2025,536.0,-1.44,-0.16,-1.89,-0.21,-2.04,-0.23
Davis Allen,LAR,TE,16,2025,537.0,-1.44,-0.09,-2.1,-0.13,-2.25,-0.14
Colson Yankoff,WAS,RB,13,2025,538.0,-1.45,-0.11,-2.66,-0.2,-2.87,-0.22
Chris Brooks,GB,RB,16,2025,539.0,-1.47,-0.09,-2.86,-0.18,-3.07,-0.19
Kalif Raymond,DET,WR,14,2025,540.0,-1.48,-0.11,-1.84,-0.13,-2.0,-0.14
Daniel Bellinger,NYG,TE,15,2025,541.0,-1.48,-0.1,-2.14,-0.14,-2.33,-0.16
LeQuint Allen Jr.,JAC,RB,16,2025,542.0,-1.51,-0.09,-2.9,-0.18,-3.12,-0.2
Dyami Brown,JAC,WR,14,2025,543.0,-1.51,-0.11,-1.91,-0.14,-2.08,-0.15
Dare Ogunbowale,HOU,RB,16,2025,544.0,-1.52,-0.09,-2.93,-0.18,-3.15,-0.2
Ashton Dulin,IND,WR,11,2025,545.0,-1.53,-0.14,-1.91,-0.17,-2.06,-0.19
Eric Saubert,SEA,TE,10,2025,546.0,-1.53,-0.15,-2.02,-0.2,-2.18,-0.22
Tucker Fisk,LAC,TE,10,2025,547.0,-1.54,-0.15,-2.03,-0.2,-2.19,-0.22
Chris Moore,WAS,WR,13,2025,548.0,-1.54,-0.12,-1.93,-0.15,-2.08,-0.16
JuJu Smith-Schuster,KC,WR,16,2025,549.0,-1.54,-0.1,-1.9,-0.12,-2.05,-0.13
Foster Moreau,NO,TE,11,2025,550.0,-1.55,-0.14,-2.07,-0.19,-2.23,-0.2
Jaylin Noel,HOU,WR,16,2025,551.0,-1.55,-0.1,-1.94,-0.12,-2.12,-0.13
Ross Dwelley,CAR,TE,10,2025,552.0,-1.56,-0.16,-2.05,-0.21,-2.21,-0.22
Scott Matlock,LAC,RB,15,2025,553.0,-1.56,-0.1,-2.93,-0.2,-3.16,-0.21
Carter Runyon,LV,TE,10,2025,554.0,-1.58,-0.16,-2.08,-0.21,-2.24,-0.22
Van Jefferson,TEN,WR,16,2025,555.0,-1.58,-0.1,-1.93,-0.12,-2.08,-0.13
Jake Bobo,SEA,WR,10,2025,556.0,-1.59,-0.16,-2.03,-0.2,-2.19,-0.22
Elijah Higgins,ARI,TE,16,2025,557.0,-1.6,-0.1,-2.29,-0.14,-2.47,-0.15
DeAndre Hopkins,BAL,WR,16,2025,558.0,-1.6,-0.1,-1.97,-0.12,-2.13,-0.13
Malik Heath,ATL,WR,11,2025,559.0,-1.61,-0.15,-2.03,-0.18,-2.18,-0.2
Tim Patrick,JAC,WR,15,2025,560.0,-1.61,-0.11,-2.06,-0.14,-2.25,-0.15
Andrew Beck,NYJ,RB,16,2025,561.0,-1.62,-0.1,-3.05,-0.19,-3.29,-0.21
Julian Hill,MIA,TE,13,2025,562.0,-1.62,-0.12,-2.2,-0.17,-2.37,-0.18
Devin Culp,TB,TE,11,2025,563.0,-1.62,-0.15,-2.15,-0.2,-2.32,-0.21
Savion Williams,GB,WR,12,2025,564.0,-1.62,-0.13,-2.02,-0.17,-2.18,-0.18
Tommy Tremble,CAR,TE,16,2025,565.0,-1.62,-0.1,-2.31,-0.14,-2.5,-0.16
Jimmy Horn Jr.,CAR,WR,12,2025,566.0,-1.62,-0.14,-2.02,-0.17,-2.17,-0.18
Adam Prentice,DEN,RB,16,2025,567.0,-1.63,-0.1,-3.06,-0.19,-3.3,-0.21
Malachi Corley,CLE,WR,12,2025,568.0,-1.63,-0.14,-2.03,-0.17,-2.18,-0.18
Roman Wilson,PIT,WR,14,2025,569.0,-1.64,-0.12,-2.1,-0.15,-2.29,-0.16
Derius Davis,LAC,WR,10,2025,570.0,-1.64,-0.16,-2.1,-0.21,-2.27,-0.23
Ke'Shawn Williams,CIN,WR,10,2025,571.0,-1.64,-0.16,-2.1,-0.21,-2.27,-0.23
Jackson Hawes,BUF,TE,16,2025,572.0,-1.65,-0.1,-2.33,-0.15,-2.51,-0.16
Tyler Lockett,LV,WR,16,2025,573.0,-1.65,-0.1,-2.02,-0.13,-2.17,-0.14
Alec Ingold,MIA,RB,16,2025,574.0,-1.67,-0.1,-3.12,-0.2,-3.37,-0.21
Trevor Etienne,CAR,RB,16,2025,575.0,-1.68,-0.11,-3.14,-0.2,-3.38,-0.21
Isaiah Williams,NYJ,WR,14,2025,576.0,-1.69,-0.12,-2.11,-0.15,-2.29,-0.16
Tre Harris,LAC,WR,16,2025,577.0,-1.69,-0.11,-2.06,-0.13,-2.21,-0.14
Brandin Cooks,BUF,WR,15,2025,578.0,-1.69,-0.11,-2.09,-0.14,-2.26,-0.15
Luke Musgrave,GB,TE,16,2025,579.0,-1.7,-0.11,-2.38,-0.15,-2.56,-0.16
Isaiah Bond,CLE,WR,15,2025,580.0,-1.7,-0.11,-2.1,-0.14,-2.26,-0.15
Harrison Bryant,HOU,TE,11,2025,581.0,-1.72,-0.16,-2.26,-0.21,-2.44,-0.22
KhaDarel Hodge,ATL,WR,11,2025,582.0,-1.72,-0.16,-2.19,-0.2,-2.36,-0.21
Mitchell Evans,CAR,TE,16,2025,583.0,-1.72,-0.11,-2.42,-0.15,-2.61,-0.16
Josiah Deguara,ARI,TE,11,2025,584.0,-1.73,-0.16,-2.28,-0.21,-2.46,-0.22
Brady Russell,SEA,RB,15,2025,585.0,-1.73,-0.12,-3.15,-0.21,-3.4,-0.23
Ben Yurosek,MIN,TE,11,2025,586.0,-1.73,-0.16,-2.28,-0.21,-2.46,-0.22
Feleipe Franks,ATL,TE,11,2025,587.0,-1.75,-0.16,-2.3,-0.21,-2.49,-0.23
Jeremy Ruckert,NYJ,TE,16,2025,588.0,-1.75,-0.11,-2.44,-0.15,-2.62,-0.16
Quintin Morris,JAC,TE,12,2025,589.0,-1.76,-0.15,-2.33,-0.19,-2.51,-0.21
Xavier Smith,LAR,WR,15,2025,590.0,-1.76,-0.12,-2.19,-0.15,-2.36,-0.16
Adam Trautman,DEN,TE,16,2025,591.0,-1.76,-0.11,-2.45,-0.15,-2.64,-0.17
Dylan Laube,LV,RB,16,2025,592.0,-1.77,-0.11,-3.25,-0.2,-3.51,-0.22
Anthony Gould,IND,WR,11,2025,593.0,-1.78,-0.16,-2.26,-0.21,-2.44,-0.22
Julius Chestnut,TEN,RB,16,2025,594.0,-1.79,-0.11,-3.29,-0.21,-3.55,-0.22
Scotty Miller,PIT,WR,12,2025,595.0,-1.8,-0.15,-2.28,-0.19,-2.46,-0.2
Gage Larvadain,CLE,WR,12,2025,596.0,-1.81,-0.15,-2.29,-0.19,-2.46,-0.21
Darius Cooper,PHI,WR,12,2025,597.0,-1.81,-0.15,-2.29,-0.19,-2.47,-0.21
Ian Thomas,LV,TE,14,2025,598.0,-1.82,-0.13,-2.46,-0.18,-2.65,-0.19
Kyle Williams,NE,WR,16,2025,599.0,-1.83,-0.11,-2.31,-0.14,-2.51,-0.16
Jamal Agnew,FA,WR,11,2025,600.0,-1.83,-0.17,-2.34,-0.21,-2.53,-0.23
Reggie Gilliam,BUF,RB,16,2025,601.0,-1.83,-0.11,-3.34,-0.21,-3.6,-0.23
Mason Tipton,NO,WR,13,2025,602.0,-1.84,-0.14,-2.32,-0.18,-2.5,-0.19
Jack Westover,NE,RB,16,2025,603.0,-1.85,-0.12,-3.36,-0.21,-3.63,-0.23
Noah Gray,KC,TE,15,2025,604.0,-1.85,-0.12,-2.52,-0.17,-2.71,-0.18
Jack Bech,LV,WR,15,2025,605.0,-1.85,-0.12,-2.3,-0.15,-2.48,-0.17
David Sills V,ATL,WR,16,2025,606.0,-1.88,-0.12,-2.36,-0.15,-2.56,-0.16
Tyrell Shavers,BUF,WR,16,2025,607.0,-1.89,-0.12,-2.4,-0.15,-2.61,-0.16
Trent Sherfield Sr.,ARI,WR,12,2025,608.0,-1.91,-0.16,-2.43,-0.2,-2.62,-0.22
Tylan Wallace,BAL,WR,13,2025,609.0,-1.91,-0.15,-2.43,-0.19,-2.62,-0.2
Charlie Kolar,BAL,TE,16,2025,610.0,-1.91,-0.12,-2.63,-0.16,-2.84,-0.18
Alex Bachman,LV,WR,12,2025,611.0,-1.93,-0.16,-2.46,-0.21,-2.66,-0.22
John Bates,WAS,TE,14,2025,612.0,-1.95,-0.14,-2.6,-0.19,-2.8,-0.2
Jaylin Lane,WAS,WR,15,2025,613.0,-1.95,-0.13,-2.42,-0.16,-2.6,-0.17
Ben Sinnott,WAS,TE,15,2025,614.0,-1.95,-0.13,-2.64,-0.18,-2.84,-0.19
John FitzPatrick,GB,TE,15,2025,615.0,-1.96,-0.13,-2.65,-0.18,-2.86,-0.19
Ryan Miller,NYG,WR,13,2025,616.0,-1.96,-0.15,-2.49,-0.19,-2.69,-0.21
Dont'e Thornton Jr.,LV,WR,14,2025,617.0,-1.98,-0.14,-2.49,-0.18,-2.68,-0.19
Jahan Dotson,PHI,WR,16,2025,618.0,-1.99,-0.12,-2.48,-0.16,-2.68,-0.17
Luke Farrell,SF,TE,16,2025,619.0,-2.03,-0.13,-2.76,-0.17,-2.98,-0.19
Dee Eskridge,MIA,WR,13,2025,620.0,-2.03,-0.16,-2.57,-0.2,-2.78,-0.21
Grant Calcaterra,PHI,TE,14,2025,621.0,-2.04,-0.15,-2.71,-0.19,-2.92,-0.21
Nick Westbrook-Ikhine,MIA,WR,14,2025,622.0,-2.04,-0.15,-2.56,-0.18,-2.76,-0.2
Connor Heyward,PIT,TE,15,2025,623.0,-2.05,-0.14,-2.75,-0.18,-2.97,-0.2
Adam Thielen,PIT,WR,15,2025,624.0,-2.05,-0.14,-2.56,-0.17,-2.75,-0.18
David Martin-Robinson,TEN,TE,14,2025,625.0,-2.05,-0.15,-2.73,-0.19,-2.95,-0.21
Tai Felton,MIN,WR,13,2025,626.0,-2.07,-0.16,-2.63,-0.2,-2.84,-0.22
Drew Sample,CIN,TE,16,2025,627.0,-2.08,-0.13,-2.82,-0.18,-3.04,-0.19
Jack Stoll,NO,TE,15,2025,628.0,-2.1,-0.14,-2.81,-0.19,-3.04,-0.2
Bo Melton,GB,WR,15,2025,629.0,-2.1,-0.14,-2.65,-0.18,-2.86,-0.19
Mo Alie-Cox,IND,TE,16,2025,630.0,-2.1,-0.13,-2.85,-0.18,-3.07,-0.19
Brycen Tremayne,CAR,WR,15,2025,631.0,-2.11,-0.14,-2.65,-0.18,-2.85,-0.19
Johnny Mundt,JAC,TE,15,2025,632.0,-2.11,-0.14,-2.82,-0.19,-3.04,-0.2
Jordan Whittington,LAR,WR,16,2025,633.0,-2.14,-0.13,-2.66,-0.17,-2.86,-0.18
Luke Schoonmaker,DAL,TE,16,2025,634.0,-2.15,-0.13,-2.89,-0.18,-3.11,-0.19
Mitch Tinsley,CIN,WR,16,2025,635.0,-2.15,-0.13,-2.71,-0.17,-2.93,-0.18
Drew Ogletree,IND,TE,15,2025,636.0,-2.17,-0.14,-2.89,-0.19,-3.12,-0.21
Ben Skowronek,PIT,WR,15,2025,637.0,-2.22,-0.15,-2.81,-0.19,-3.03,-0.2
Brevyn Spann-Ford,DAL,TE,16,2025,638.0,-2.24,-0.14,-2.99,-0.19,-3.23,-0.2
Cameron Latu,PHI,TE,14,2025,639.0,-2.24,-0.16,-2.94,-0.21,-3.17,-0.23
Teagan Quitoriano,ATL,TE,14,2025,639.0,-2.24,-0.16,-2.94,-0.21,-3.17,-0.23
Nikko Remigio,KC,WR,14,2025,641.0,-2.25,-0.16,-2.86,-0.2,-3.09,-0.22
Konata Mumpfield,LAR,WR,16,2025,642.0,-2.27,-0.14,-2.86,-0.18,-3.08,-0.19
Gunner Olszewski,NYG,WR,15,2025,643.0,-2.3,-0.15,-2.93,-0.2,-3.16,-0.21
Arian Smith,NYJ,WR,15,2025,644.0,-2.3,-0.15,-2.91,-0.19,-3.13,-0.21
Kameron Johnson,TB,WR,16,2025,645.0,-2.3,-0.14,-2.96,-0.18,-3.21,-0.2
Charlie Jones,CIN,WR,14,2025,646.0,-2.3,-0.16,-2.94,-0.21,-3.17,-0.23
Charlie Woerner,ATL,TE,16,2025,647.0,-2.34,-0.15,-3.12,-0.19,-3.36,-0.21
Blake Whiteheart,CLE,TE,15,2025,648.0,-2.36,-0.16,-3.11,-0.21,-3.35,-0.22
Robert Tonyan,KC,TE,15,2025,649.0,-2.38,-0.16,-3.13,-0.21,-3.38,-0.23
Skyy Moore,SF,WR,16,2025,650.0,-2.44,-0.15,-3.08,-0.19,-3.32,-0.21
Durham Smythe,CHI,TE,16,2025,651.0,-2.46,-0.15,-3.24,-0.2,-3.5,-0.22
LaJohntay Wester,BAL,WR,15,2025,652.0,-2.48,-0.17,-3.18,-0.21,-3.44,-0.23
Kylen Granson,PHI,TE,16,2025,653.0,-2.49,-0.16,-3.29,-0.21,-3.55,-0.22
Payne Durham,TB,TE,16,2025,654.0,-2.52,-0.16,-3.32,-0.21,-3.59,-0.22
Chris Manhertz,NYG,TE,16,2025,655.0,-2.53,-0.16,-3.33,-0.21,-3.59,-0.22
Devin Duvernay,CHI,WR,16,2025,656.0,-2.57,-0.16,-3.27,-0.2,-3.53,-0.22
Myles Price,MIN,WR,16,2025,657.0,-2.69,-0.17,-3.46,-0.22,-3.74,-0.23
